"","democracy","sex","education","sub_income","left_right_scale","relig_authorities","army_coup","people_obey","national_pride","civil_rights","free_elections"
"1","Very good","Female","0","3",4,0,1,10,2,10,10
"2","Very good","Female","1","2",6,1,1,9,2,10,4
"3","Very good","Male","1","2",6,2,0,8,2,6,6
"4","Fairly good","Female","1","1",NA,1,NA,8,2,10,10
"5","Fairly good","Female","1","2",6,1,1,8,2,9,7
"6","Fairly good","Male","0","1",NA,2,10,10,2,10,10
"7","Very good","Male","0","2",10,2,10,10,3,10,10
"8","Fairly good","Female","0","2",NA,1,10,10,1,10,10
"9","Fairly bad","Male","1","2",NA,1,10,10,1,10,10
"10","Fairly good","Male","0","3",10,5,5,5,1,5,5
"11","Very good","Male","1","2",5,1,5,9,2,9,10
"12","Very good","Female","0","2",NA,4,5,10,1,10,10
"13","Fairly bad","Male","0","2",5,3,3,4,2,2,2
"14",NA,"Male","0","1",4,NA,1,5,2,5,10
"15","Fairly good","Female","0",NA,NA,0,0,NA,1,NA,8
"16","Fairly good","Male","1",NA,NA,0,0,0,1,5,9
"17","Fairly good","Female","1",NA,NA,0,0,NA,1,6,9
"18","Very good","Male","0","2",10,1,5,10,1,10,10
"19","Fairly good","Male","0","2",10,6,6,7,1,9,10
"20","Fairly good","Male","0","1",9,1,6,8,1,10,10
"21","Fairly bad","Male","1","3",7,7,9,9,1,9,10
"22","Fairly good","Male","0","2",3,4,6,8,2,9,10
"23","Very good","Male","0","1",5,1,1,8,2,6,7
"24","Fairly good","Male","0","2",4,1,6,10,2,8,9
"25","Fairly good","Female","1","2",7,6,8,10,1,10,10
"26","Fairly good","Female","1","2",8,7,1,10,2,10,10
"27","Fairly good","Female","1","1",7,1,7,10,2,10,10
"28","Fairly good","Female","1","2",10,1,10,7,1,10,10
"29",NA,"Male","0","1",10,NA,10,10,1,10,10
"30","Fairly good","Male","1",NA,5,NA,0,NA,1,6,10
"31","Very good","Female","0","2",9,5,6,7,2,10,10
"32","Fairly good","Male","0","1",5,2,7,10,2,10,10
"33","Very good","Female","1","3",7,1,1,10,1,10,10
"34","Fairly good","Female","0","1",5,5,5,6,2,10,10
"35","Very bad","Female","1","3",8,6,5,7,4,9,8
"36","Fairly good","Male","1","2",NA,10,5,10,2,10,10
"37","Fairly bad","Female","0","2",5,8,8,6,2,7,7
"38","Very good","Female","1","2",10,1,10,7,1,10,10
"39","Very good","Female","1","2",NA,8,10,9,1,9,10
"40","Fairly good","Female","1","2",NA,2,3,9,2,9,10
"41","Fairly good","Female","0","1",3,7,5,6,2,7,9
"42","Very good","Male","0","2",NA,4,3,10,1,10,10
"43","Very good","Female","0","1",NA,8,10,9,1,9,10
"44","Fairly good","Female","1","2",4,8,6,8,2,6,8
"45","Very good","Female","0","1",NA,4,7,10,1,10,10
"46",NA,"Female","0","1",NA,NA,NA,NA,2,8,NA
"47",NA,"Female","1",NA,NA,0,0,3,1,8,8
"48",NA,"Male","1",NA,NA,0,0,8,2,10,10
"49","Fairly good","Female","0","2",8,1,3,10,1,10,10
"50","Very good","Male","0","2",4,1,4,8,2,10,10
"51","Fairly good","Female","0","2",5,1,10,5,1,10,10
"52","Fairly good","Female","0","2",NA,2,5,10,1,10,10
"53","Fairly good","Female","0","1",8,6,7,9,1,10,10
"54","Very good","Female","0","1",NA,NA,10,10,1,10,10
"55","Very good","Female","0","1",5,1,10,10,1,10,10
"56","Fairly good","Female","0","2",NA,NA,10,10,2,10,10
"57","Fairly good","Female","0","2",5,1,0,10,2,10,10
"58","Fairly good","Female","1","2",NA,5,10,10,2,10,10
"59","Fairly good","Male","0","2",5,3,10,10,2,10,10
"60",NA,"Male","0",NA,NA,NA,NA,10,2,10,10
"61","Fairly good","Male","0","2",10,0,10,5,2,10,10
"62","Very good","Male","1","2",2,1,1,8,1,0,9
"63","Fairly good","Female","0","1",5,7,9,9,2,10,10
"64","Fairly good","Female","1","2",6,2,1,6,1,10,7
"65","Fairly good","Male","1","1",2,1,1,10,2,10,10
"66","Fairly good","Male","0","2",5,0,9,10,1,10,10
"67","Fairly bad","Male","0","2",NA,1,10,10,1,10,5
"68","Very good","Female","1","2",8,1,1,10,2,10,10
"69","Fairly good","Female","0","2",2,6,10,10,1,10,10
"70","Fairly good","Male","1","2",4,4,6,10,2,10,10
"71","Fairly good","Female","0","2",NA,6,10,10,1,10,10
"72","Fairly good","Female","0","2",7,1,5,10,2,10,10
"73","Very good","Female","1","2",3,2,4,6,2,6,4
"74","Very good","Female","0","2",NA,1,5,10,1,10,10
"75",NA,"Female","1","2",NA,4,5,6,3,9,7
"76","Very good","Female","0","2",3,4,4,6,2,6,10
"77","Very good","Male","1","2",6,1,3,6,2,6,3
"78","Very bad","Male","1","2",6,1,3,8,3,9,7
"79","Very good","Female","1","2",8,1,1,10,1,10,10
"80","Fairly good","Female","1","2",5,1,6,7,2,9,8
"81","Fairly good","Male","1","2",7,1,3,9,1,10,10
"82","Fairly good","Female","0","1",5,6,3,9,2,7,10
"83","Very bad","Female","0",NA,NA,3,3,8,2,7,6
"84","Very bad","Male","0","2",NA,2,6,7,2,6,6
"85","Very bad","Female","0","2",NA,6,5,6,2,6,7
"86","Very bad","Female","1","2",6,8,9,8,2,7,6
"87",NA,"Male","1","2",10,NA,10,10,1,10,10
"88","Fairly good","Male","0","2",10,NA,10,5,1,10,10
"89","Fairly bad","Male","0","1",NA,2,5,5,2,10,10
"90","Very good","Male","0","1",1,1,5,10,1,10,10
"91","Fairly good","Female","0","2",6,6,6,6,3,7,6
"92","Fairly good","Male","0","2",7,5,6,6,2,6,5
"93","Fairly good","Male","1","3",6,6,5,8,2,5,5
"94","Fairly good","Female","1","2",6,5,6,7,2,5,6
"95","Fairly good","Female","1","2",6,6,5,4,2,5,7
"96","Fairly bad","Male","0","2",6,4,7,5,2,4,5
"97","Fairly good","Male","0","2",NA,3,NA,7,1,8,7
"98","Fairly good","Female","0","1",NA,1,8,1,1,1,1
"99","Very good","Male","0","1",10,1,8,8,1,1,9
"100",NA,"Male","1","2",5,5,10,10,1,10,10
"101",NA,"Female","0","2",6,4,10,5,1,10,10
"102",NA,"Male","1","2",5,5,10,10,1,10,10
"103",NA,"Male","0","2",6,5,10,9,2,10,7
"104",NA,"Female","0","2",10,4,7,6,1,6,8
"105","Fairly bad","Female","0","1",1,10,9,9,1,9,9
"106","Fairly good","Female","0","1",5,5,5,7,1,5,5
"107","Fairly good","Male","0","1",6,0,0,NA,1,NA,9
"108",NA,"Male","1","2",8,7,7,5,1,10,10
"109","Fairly good","Male","1","3",10,3,5,9,1,6,0
"110","Very good","Male","1","3",5,9,10,8,2,10,7
"111","Fairly good","Male","0","1",8,8,7,7,2,5,10
"112","Very good","Female","0","2",7,8,7,8,2,10,6
"113","Fairly bad","Female","0","2",5,3,4,3,1,4,3
"114","Fairly bad","Male","0","2",10,3,4,4,1,6,6
"115","Very good","Male","0","1",6,10,9,10,1,10,10
"116","Fairly good","Female","0","1",NA,8,4,10,1,10,10
"117","Fairly good","Male","0","1",NA,5,10,10,1,10,10
"118","Very good","Female","0","1",NA,1,1,10,1,10,10
"119","Fairly good","Female","0","2",5,5,8,10,1,6,10
"120",NA,"Male","0","2",NA,2,3,8,NA,8,5
"121","Very good","Male","0","3",5,1,2,9,3,8,8
"122","Fairly good","Male","0","2",6,6,6,10,2,10,10
"123","Very good","Male","1","2",8,1,1,10,1,10,10
"124","Fairly good","Female","0","2",7,6,7,10,NA,10,10
"125","Fairly good","Female","1","2",7,1,0,8,2,10,10
"126","Fairly good","Male","1","2",NA,2,0,2,1,7,6
"127","Fairly good","Female","0","2",NA,1,9,8,1,10,10
"128","Fairly good","Male","0","2",5,2,10,7,2,9,8
"129","Fairly good","Female","0","2",5,1,9,10,1,10,10
"130","Fairly good","Female","0","2",5,1,8,5,1,10,10
"131","Fairly good","Female","0","2",5,5,0,10,1,10,5
"132",NA,"Female","0","2",NA,1,4,10,NA,10,10
"133","Fairly good","Male","0","1",5,5,0,10,1,10,10
"134",NA,"Female","1","1",NA,1,2,2,NA,9,10
"135","Fairly good","Female","0","1",NA,1,4,6,2,10,10
"136",NA,"Female","0","1",NA,NA,NA,NA,2,NA,NA
"137","Very good","Male","0","2",NA,4,7,5,1,5,4
"138",NA,"Male","0","1",NA,1,10,10,1,10,NA
"139","Fairly good","Male","0","2",6,6,5,7,1,5,8
"140",NA,"Female","0","1",5,8,8,6,1,5,5
"141",NA,"Female","1","2",5,8,9,8,2,5,4
"142",NA,"Female","0","1",5,5,7,7,2,5,7
"143",NA,"Male","0","1",7,5,7,5,2,5,5
"144",NA,"Female","0","1",7,6,8,5,2,5,6
"145","Fairly good","Female","0","2",5,3,7,4,2,5,6
"146","Very good","Male","0","2",7,3,5,5,2,6,7
"147","Very good","Female","0","2",7,4,5,5,1,7,7
"148","Very good","Male","1","2",9,3,5,3,1,8,9
"149","Very good","Male","0","2",8,4,5,5,2,7,8
"150","Fairly good","Female","0","2",7,2,5,3,2,8,9
"151","Fairly good","Female","0","2",5,1,10,10,2,10,1
"152","Fairly bad","Female","0","2",10,1,1,10,1,NA,10
"153",NA,"Female","1","3",NA,1,6,10,1,10,10
"154",NA,"Female","0","2",1,5,NA,NA,1,NA,10
"155","Very good","Female","1","2",6,6,6,6,1,7,7
"156","Fairly good","Male","0","2",NA,2,1,10,2,10,10
"157","Fairly good","Female","0","2",4,3,7,5,2,8,7
"158",NA,"Male","0","2",5,5,5,4,2,4,4
"159",NA,"Male","1","2",6,1,2,2,1,10,3
"160","Fairly good","Female","1","2",6,6,7,9,2,6,6
"161","Very good","Male","1","3",9,2,7,8,1,6,8
"162","Fairly bad","Male","1","2",6,8,8,8,2,6,5
"163","Fairly good","Female","1","2",5,4,7,8,1,8,7
"164","Fairly good","Female","0","2",5,6,7,8,2,8,7
"165","Very good","Male","0","2",8,7,7,6,2,10,10
"166","Very good","Male","1","3",4,1,8,9,1,10,10
"167","Fairly good","Male","0","1",5,5,7,10,2,10,10
"168","Fairly good","Female","1","1",5,3,7,10,1,10,8
"169","Fairly good","Male","1","1",4,1,5,10,2,10,10
"170",NA,"Male","0","2",5,7,8,8,1,5,8
"171","Fairly good","Female","0","2",NA,3,0,6,2,9,4
"172","Very bad","Female","1","2",5,2,2,6,3,5,7
"173","Very good","Male","1","3",10,1,5,10,1,10,10
"174","Very good","Female","1","2",NA,2,1,8,2,10,10
"175","Very good","Male","1","2",6,3,6,10,2,8,10
"176","Very good","Female","0","2",NA,1,1,6,2,10,10
"177","Very bad","Female","0","2",7,8,5,6,2,8,6
"178","Fairly good","Male","0","2",5,1,1,5,1,10,10
"179",NA,"Female","1","2",7,7,10,10,1,10,10
"180","Very good","Female","1","2",5,0,10,10,1,10,10
"181","Very good","Male","1","2",6,5,10,8,1,9,10
"182","Fairly good","Female","1","3",10,6,10,10,1,10,10
"183","Fairly good","Female","0","2",4,6,NA,2,1,10,3
"184","Fairly bad","Male","1","2",3,1,3,8,2,4,10
"185","Fairly good","Female","0","1",NA,1,1,5,1,NA,10
"186",NA,"Female","0","2",NA,NA,NA,3,2,8,10
"187","Fairly good","Female","1","2",5,0,10,9,2,10,10
"188","Very good","Female","0","2",7,5,6,5,2,4,8
"189","Very good","Female","0","1",7,7,6,5,2,6,5
"190","Very good","Female","1","2",NA,2,6,7,2,9,8
"191","Very good","Female","0","3",5,2,7,7,1,10,9
"192","Fairly good","Female","0","1",NA,NA,1,8,2,5,NA
"193","Fairly good","Female","0","1",NA,4,NA,2,1,10,6
"194","Fairly good","Female","0","1",5,1,5,6,2,10,10
"195",NA,"Female","1","2",6,5,5,7,1,6,10
"196",NA,"Female","1","3",5,5,0,0,1,0,10
"197",NA,"Male","1","3",10,5,10,10,1,10,10
"198",NA,"Female","1","2",7,4,7,8,1,6,10
"199",NA,"Female","1","2",6,4,10,10,1,10,10
"200",NA,"Male","1","2",6,4,10,10,1,10,8
"201",NA,"Female","1","2",6,5,10,10,1,10,10
"202","Fairly good","Male","0","1",5,3,3,10,1,5,1
"203","Very bad","Female","0","1",NA,7,5,10,1,7,9
"204",NA,"Female","0","2",NA,0,10,10,1,10,10
"205","Fairly good","Male","0","1",NA,0,10,10,1,10,10
"206",NA,"Female","0","1",NA,5,NA,10,1,NA,10
"207","Very good","Male","1","1",1,10,1,10,1,10,10
"208","Fairly bad","Female","0","1",6,3,9,6,1,8,7
"209","Very bad","Female","0","2",9,2,5,6,1,10,9
"210","Very good","Male","1","3",1,2,5,4,1,10,6
"211","Fairly good","Male","0","3",NA,8,10,10,1,10,9
"212","Fairly good","Male","0","1",NA,8,10,10,2,9,10
"213","Very good","Female","0","1",NA,7,10,10,1,10,10
"214","Fairly bad","Male","0","1",4,7,8,7,2,7,8
"215","Very good","Male","0","1",5,1,3,10,2,10,10
"216","Very good","Male","1","2",NA,0,0,10,1,0,10
"217","Very bad","Female","1","2",NA,5,4,7,2,3,7
"218","Fairly good","Female","0","2",7,7,6,8,1,8,8
"219","Fairly good","Female","0","2",4,4,6,9,1,8,7
"220","Fairly good","Female","1","1",NA,1,0,6,2,0,6
"221","Fairly good","Female","0","2",3,7,7,10,2,10,10
"222","Fairly good","Female","1","2",5,6,5,10,1,10,8
"223","Fairly good","Male","0","1",5,7,7,10,2,10,10
"224","Very good","Female","1","2",5,0,1,10,2,10,10
"225","Fairly good","Female","0","2",5,3,4,10,1,10,10
"226","Fairly good","Female","0","2",NA,1,6,7,2,10,10
"227","Fairly good","Female","0","1",3,1,1,6,NA,10,10
"228",NA,"Male","1",NA,NA,NA,NA,0,1,NA,7
"229",NA,"Female","1",NA,NA,NA,NA,NA,2,NA,NA
"230","Fairly good","Female","0","2",NA,1,10,10,1,10,10
"231",NA,"Male","1","2",4,1,10,10,2,10,10
"232","Very good","Male","0","2",8,1,5,6,1,10,10
"233","Very good","Female","0","2",4,1,4,10,1,10,8
"234","Fairly good","Male","1","2",8,5,5,4,2,4,5
"235","Fairly bad","Female","1","2",6,5,6,3,4,4,5
"236","Very good","Male","1","2",10,3,7,8,1,10,10
"237",NA,"Female","0","2",3,5,5,6,2,6,5
"238",NA,"Female","1","1",NA,5,7,7,2,7,6
"239","Very good","Female","0","2",10,1,10,10,1,8,10
"240","Very good","Female","0","2",6,3,5,3,2,8,8
"241","Very good","Male","1","2",5,2,7,10,2,9,10
"242","Very good","Female","0","2",8,1,1,10,2,10,10
"243","Fairly good","Male","0","2",2,1,0,10,4,1,10
"244","Fairly good","Male","0","1",5,5,6,9,2,7,8
"245","Fairly good","Female","0","3",3,3,5,7,1,8,7
"246","Fairly bad","Male","0","1",6,1,6,9,2,9,9
"247","Very good","Male","1","2",5,1,5,9,2,8,10
"248","Very good","Female","1","2",6,2,6,9,2,6,9
"249","Fairly good","Male","1","2",6,6,5,7,2,8,7
"250","Very bad","Male","1","2",NA,2,2,4,NA,8,8
"251","Fairly good","Female","0","2",NA,1,4,9,2,9,10
"252","Very bad","Male","0","2",6,5,6,9,1,9,8
"253","Fairly good","Male","1","2",6,6,10,8,1,9,10
"254","Fairly good","Female","0","2",10,10,10,10,1,10,10
"255",NA,"Male","0","2",8,NA,10,10,1,NA,NA
"256",NA,"Female","1","3",7,6,7,8,1,8,10
"257",NA,"Male","0","2",10,6,10,10,1,10,10
"258","Fairly good","Male","0","2",NA,6,1,8,NA,2,4
"259","Fairly bad","Male","0","2",1,1,1,9,4,4,1
"260","Very good","Female","1","2",7,3,5,8,1,9,9
"261","Very good","Female","0","1",8,3,7,8,1,10,9
"262","Fairly good","Male","1","2",9,2,7,8,2,10,8
"263","Fairly good","Female","0","2",7,1,7,7,2,9,9
"264","Very good","Male","0","2",4,2,6,6,2,9,8
"265","Fairly good","Female","1","2",6,5,5,5,3,4,9
"266","Fairly good","Female","1","2",6,6,8,5,1,7,4
"267",NA,"Female","0","1",5,1,1,NA,3,5,10
"268","Fairly good","Male","0","2",2,6,4,5,1,6,5
"269","Very bad","Female","0","2",10,4,10,10,1,10,10
"270",NA,"Female","1","2",6,5,10,10,1,10,10
"271",NA,"Female","0","2",10,6,10,10,1,10,10
"272",NA,"Male","1","2",10,5,10,4,1,10,10
"273","Very bad","Female","1","2",5,6,10,10,1,10,10
"274",NA,"Female","1","2",5,1,10,10,1,10,10
"275",NA,"Female","0","2",6,4,8,9,1,9,6
"276",NA,"Male","0","2",8,5,9,8,1,9,10
"277",NA,"Female","0","2",6,4,10,10,1,10,10
"278","Fairly bad","Female","0","2",NA,3,8,8,2,10,10
"279","Very good","Male","0","1",3,7,10,10,1,10,10
"280","Fairly bad","Female","1","2",8,NA,NA,NA,2,10,10
"281","Very good","Female","1","3",10,4,1,7,1,10,10
"282","Fairly good","Female","0","2",9,2,6,10,1,6,10
"283","Very good","Male","0","3",10,5,10,10,1,8,9
"284","Very good","Male","0","3",10,8,2,10,1,8,10
"285","Fairly bad","Male","0","3",10,4,10,10,1,10,10
"286","Fairly good","Female","0","2",7,5,4,4,1,4,5
"287","Fairly good","Female","0","2",7,5,5,5,2,5,4
"288","Fairly good","Female","0","2",10,3,2,5,1,4,4
"289","Fairly bad","Female","1","2",6,3,3,9,2,7,7
"290","Fairly good","Male","0","2",7,6,7,9,1,9,4
"291","Fairly good","Female","0","2",7,6,7,10,2,9,9
"292","Very good","Male","1","2",4,5,6,7,1,2,9
"293","Fairly bad","Female","1","2",8,6,5,6,3,6,7
"294","Fairly good","Male","1","2",3,2,1,9,1,2,9
"295","Very good","Female","1","2",3,7,6,6,2,6,6
"296","Fairly good","Male","0","2",10,1,10,10,1,10,10
"297","Very bad","Male","0","1",6,1,10,9,1,10,9
"298","Very good","Male","0","3",5,10,1,1,1,10,10
"299","Very good","Male","0","2",2,2,2,9,1,5,10
"300","Very good","Male","0","2",NA,2,10,10,1,10,10
"301","Fairly good","Female","0","1",3,6,6,10,2,10,6
"302","Fairly good","Male","1","1",NA,1,1,5,2,NA,10
"303","Very good","Male","1","2",7,1,1,10,2,10,10
"304","Fairly good","Male","1","1",5,1,4,6,2,8,10
"305","Fairly good","Female","1","2",8,6,6,6,3,6,8
"306","Fairly good","Male","0","1",NA,1,3,6,2,8,8
"307","Fairly good","Female","1","2",7,1,6,7,1,10,8
"308","Fairly good","Female","1","3",5,1,6,6,2,9,8
"309","Fairly good","Female","1","2",5,0,0,0,1,0,0
"310","Very good","Female","0","2",5,6,10,10,1,10,10
"311",NA,"Male","1","2",5,5,10,10,1,10,10
"312","Fairly good","Female","0","1",4,NA,NA,7,1,7,7
"313","Fairly bad","Male","0","2",9,0,10,10,2,10,10
"314","Very good","Male","0","3",8,6,10,9,1,10,10
"315",NA,"Female","1","2",NA,3,4,5,1,7,8
"316","Very good","Male","0","2",8,7,7,9,2,10,10
"317","Fairly good","Female","1","3",9,8,7,8,2,8,6
"318","Very good","Female","0","2",8,5,7,6,2,7,4
"319","Fairly good","Female","0","2",7,6,6,6,2,6,7
"320","Fairly bad","Male","0","2",5,10,5,6,1,8,10
"321","Fairly bad","Female","0","2",8,3,3,3,1,4,4
"322","Fairly good","Female","0","3",NA,10,10,10,1,10,10
"323","Very good","Male","1","2",8,1,0,8,2,10,10
"324","Very good","Female","0","2",NA,2,10,10,1,10,10
"325","Very good","Female","1","2",NA,1,10,5,2,10,10
"326","Very good","Male","0","2",5,1,10,10,1,10,10
"327","Fairly good","Male","0","2",6,1,10,10,1,10,10
"328","Fairly good","Female","0","2",5,3,5,5,3,5,4
"329","Fairly good","Male","0","3",6,0,0,10,2,10,10
"330","Fairly good","Male","0","3",8,0,0,0,1,10,10
"331","Fairly good","Male","0","2",8,0,0,6,2,10,10
"332","Fairly good","Female","1","2",7,1,3,6,2,10,9
"333","Fairly good","Female","1","3",6,2,6,6,2,9,9
"334","Very bad","Female","0","1",10,3,1,8,1,10,9
"335","Fairly good","Female","1","2",6,6,2,6,3,6,10
"336","Fairly good","Female","0","2",3,1,6,10,2,10,10
"337","Very bad","Female","1","2",NA,8,NA,7,2,6,4
"338","Fairly bad","Female","1","1",5,1,2,5,1,5,5
"339",NA,"Female","0","1",5,1,8,6,2,8,7
"340","Fairly good","Male","1","2",5,4,6,7,2,8,8
"341",NA,"Female","0","1",NA,0,8,9,2,10,7
"342","Fairly good","Female","0","2",NA,5,6,8,2,9,9
"343","Fairly bad","Female","0","1",2,2,5,8,1,8,8
"344","Very good","Female","1","2",7,1,6,7,2,9,8
"345","Fairly good","Male","1","3",6,2,6,8,1,10,9
"346","Fairly bad","Female","0","2",6,3,6,4,1,6,3
"347","Fairly good","Female","0","2",6,6,6,5,1,7,6
"348","Fairly good","Female","0","3",NA,8,6,6,1,6,8
"349","Fairly good","Female","0","1",NA,10,6,7,2,7,9
"350","Fairly good","Male","0","1",NA,9,8,7,2,8,8
"351",NA,"Male","1","2",5,5,8,10,1,8,7
"352","Fairly good","Female","1","2",6,5,8,9,1,9,8
"353",NA,"Male","0","2",5,6,8,8,1,9,10
"354",NA,"Male","0","3",5,4,10,9,1,9,9
"355","Fairly good","Male","0","2",8,5,7,7,1,8,5
"356","Very good","Male","0","1",6,4,8,6,2,6,8
"357","Fairly good","Male","0","2",6,6,7,5,1,5,5
"358",NA,"Female","1","3",5,5,10,8,1,10,5
"359","Fairly good","Female","0","1",3,1,1,2,1,8,8
"360","Very good","Female","0","1",10,1,10,1,1,10,10
"361","Fairly good","Female","0",NA,NA,0,8,10,1,9,10
"362","Fairly good","Female","0","2",NA,0,0,9,1,10,10
"363","Very good","Male","1","2",5,1,0,10,1,10,9
"364","Fairly good","Male","0","1",NA,1,7,9,2,9,9
"365","Fairly good","Male","0","2",NA,0,5,10,1,10,10
"366","Fairly good","Female","0","3",5,0,0,6,2,10,10
"367","Fairly good","Female","1","3",6,0,0,6,2,10,10
"368","Fairly good","Female","1","2",7,2,3,4,2,6,5
"369","Fairly good","Female","1","3",7,3,4,7,2,8,6
"370","Very good","Female","1","3",5,0,0,0,2,10,10
"371","Very good","Female","0","2",7,6,5,4,1,8,9
"372","Fairly good","Female","0","3",6,6,6,6,1,6,6
"373","Very good","Male","0","2",5,3,6,7,1,9,8
"374","Very good","Male","0","2",5,3,7,7,2,8,8
"375","Fairly bad","Male","0","2",10,1,10,1,4,10,10
"376","Fairly good","Female","1","2",8,2,5,5,2,8,7
"377","Fairly good","Female","0","2",NA,7,6,6,2,6,5
"378","Fairly good","Male","1","2",NA,5,6,7,2,7,4
"379","Fairly good","Female","0","1",NA,8,6,7,2,7,7
"380","Fairly good","Female","0","2",NA,7,6,6,2,7,7
"381","Fairly good","Female","0","2",NA,7,6,6,2,6,7
"382",NA,"Female","1","2",8,7,10,10,1,10,10
"383","Fairly bad","Male","0","3",10,7,8,9,1,10,8
"384","Very good","Female","1","2",NA,6,6,6,2,7,6
"385","Fairly good","Female","1","2",5,5,9,5,3,4,3
"386","Fairly good","Female","1","2",6,4,6,5,2,6,5
"387",NA,"Female","1","2",10,5,4,3,1,6,8
"388",NA,"Female","0","2",5,5,7,10,1,8,6
"389",NA,"Female","1","2",10,3,10,10,1,10,6
"390","Fairly good","Female","0","2",8,7,10,5,1,10,10
"391","Fairly good","Female","0","1",6,10,9,10,1,9,5
"392",NA,"Female","1","2",8,5,8,5,1,5,5
"393","Fairly good","Female","0","1",8,1,8,8,1,8,8
"394","Fairly good","Male","0","1",1,5,4,8,2,8,10
"395","Very bad","Male","1","2",8,1,5,8,2,6,7
"396","Very good","Male","0","2",8,1,1,7,2,10,10
"397","Fairly good","Male","0","2",6,1,1,8,2,10,10
"398","Very good","Female","0","1",NA,1,1,1,4,10,10
"399","Very good","Female","0","2",6,6,4,5,1,8,8
"400","Very good","Female","0",NA,2,6,9,9,NA,9,1
"401","Fairly good","Male","0","1",8,5,0,10,1,10,10
"402",NA,"Female","0","1",NA,NA,NA,6,2,NA,6
"403","Fairly good","Female","1","2",5,6,9,8,3,9,3
"404","Fairly good","Female","1","2",7,2,4,5,1,8,8
"405","Fairly good","Male","0","2",6,NA,3,5,2,8,8
"406","Very good","Female","0","2",7,3,5,4,2,8,9
"407","Fairly good","Male","0","2",6,3,5,5,2,8,8
"408","Very good","Male","0","2",7,5,6,5,2,8,8
"409","Fairly good","Female","0","1",6,9,5,6,1,4,7
"410","Very bad","Female","0","2",4,7,4,5,1,6,5
"411","Fairly bad","Male","1","2",7,6,8,6,3,4,2
"412","Very bad","Female","1","2",2,6,0,10,1,10,1
"413","Very good","Male","0","2",3,1,2,8,1,10,10
"414","Fairly good","Male","1","2",6,9,7,5,2,5,8
"415","Very good","Female","1","2",2,1,2,10,1,10,7
"416","Fairly good","Male","1","2",7,4,6,9,1,8,7
"417","Fairly good","Male","1",NA,NA,6,5,6,2,8,5
"418","Fairly good","Female","0","1",5,2,3,8,1,8,9
"419","Fairly good","Female","0","1",10,1,10,1,1,10,9
"420",NA,"Female","0","1",8,10,2,10,1,NA,10
"421",NA,"Female","0","1",5,4,5,7,1,5,10
"422","Fairly bad","Male","0","1",5,1,3,3,3,3,2
"423",NA,"Female","0","2",10,5,6,9,1,8,8
"424","Very good","Female","1","2",7,5,6,4,1,7,7
"425","Fairly good","Male","0","2",8,7,7,7,2,9,8
"426","Fairly bad","Female","0","2",5,NA,10,10,2,10,5
"427","Fairly bad","Male","1","3",NA,5,10,6,2,10,5
"428","Fairly good","Female","1","2",5,0,0,7,1,10,10
"429","Fairly good","Female","1","2",NA,0,0,0,2,10,10
"430","Fairly good","Female","1","2",8,3,5,6,2,5,5
"431","Fairly bad","Male","0","1",8,1,3,7,2,8,9
"432","Very good","Male","0",NA,NA,7,9,1,1,7,8
"433","Very bad","Female","0","2",5,5,4,5,1,5,10
"434","Fairly good","Female","0","2",5,10,4,6,2,7,10
"435","Fairly good","Female","0","1",NA,2,0,10,2,8,9
"436","Fairly good","Female","0","1",1,1,1,10,2,7,10
"437","Very good","Female","0","1",9,0,0,8,2,8,10
"438","Fairly good","Male","1","1",5,1,0,10,2,10,10
"439","Fairly good","Female","0","1",NA,5,10,10,2,10,1
"440","Fairly good","Female","0","1",7,10,5,10,1,5,7
"441","Fairly good","Female","0","1",8,6,3,8,1,8,8
"442","Fairly good","Female","0","1",NA,3,4,5,2,5,5
"443","Fairly good","Male","0","1",NA,2,NA,10,2,10,8
"444","Fairly good","Female","0","1",10,NA,NA,NA,1,NA,NA
"445","Fairly good","Male","0","2",8,0,0,9,2,10,10
"446","Very good","Female","1","1",5,NA,NA,NA,2,NA,NA
"447","Fairly good","Female","1","1",NA,3,7,8,1,9,10
"448","Fairly good","Male","1","2",6,0,5,10,1,9,10
"449","Very good","Male","0","1",NA,1,9,9,2,9,10
"450","Fairly good","Female","0","2",NA,0,5,10,2,10,9
"451","Very good","Female","1","2",5,1,4,10,1,10,10
"452","Very good","Male","0","2",4,1,5,7,2,10,8
"453","Very good","Male","0","2",5,1,5,5,1,10,10
"454","Fairly good","Female","0","2",NA,2,4,10,1,10,10
"455","Fairly good","Male","0","2",5,2,5,8,1,10,10
"456","Fairly good","Female","0","2",5,1,4,5,1,10,10
"457","Very good","Female","0","2",10,0,0,8,2,10,10
"458",NA,"Female","1","2",NA,NA,NA,NA,NA,8,10
"459","Fairly good","Male","0","2",3,NA,NA,9,1,7,8
"460","Fairly good","Female","1","1",7,1,1,1,2,10,10
"461","Fairly good","Female","0","2",NA,1,5,10,1,10,10
"462","Fairly good","Female","0","2",7,0,0,4,1,10,10
"463","Fairly good","Female","0","2",8,0,0,4,2,10,10
"464","Fairly good","Female","0","2",8,0,0,10,1,10,10
"465","Fairly good","Male","0","3",7,0,0,7,2,10,10
"466","Very good","Female","0","2",NA,0,0,10,1,10,10
"467","Fairly good","Male","0","2",5,0,0,4,2,10,10
"468",NA,"Female","1","1",NA,NA,0,10,2,10,NA
"469",NA,"Male","0","2",NA,1,0,10,2,10,10
"470","Very good","Female","1","2",NA,0,0,0,NA,10,10
"471","Fairly good","Female","0","1",NA,1,NA,7,2,10,NA
"472","Fairly good","Male","0",NA,NA,NA,0,NA,2,10,NA
"473","Fairly good","Male","0","2",NA,1,0,NA,2,NA,1
"474","Very good","Female","0","2",7,3,4,3,2,7,9
"475","Very good","Male","0","1",4,5,5,5,2,5,1
"476",NA,"Female","0","1",NA,NA,NA,NA,2,NA,NA
"477","Very good","Female","1","2",5,9,9,9,2,9,9
"478","Very good","Female","1","2",5,1,1,10,2,10,10
"479","Fairly good","Male","1","2",4,1,8,4,2,9,10
"480","Very good","Female","1","2",10,1,1,10,1,10,10
"481","Very good","Male","0","1",NA,NA,NA,9,1,8,9
"482","Very good","Female","1","2",10,1,10,10,1,10,10
"483","Very good","Male","0","2",NA,1,NA,10,1,10,10
"484","Fairly bad","Male","0","1",9,8,5,5,2,5,5
"485","Very good","Male","0","2",5,NA,NA,NA,1,NA,NA
"486","Fairly good","Male","0","2",10,7,1,2,2,10,10
"487","Very good","Female","1","2",5,4,1,4,1,10,10
"488",NA,"Female","0","1",5,NA,10,10,1,5,10
"489","Fairly good","Female","1","2",2,9,6,6,1,10,9
"490","Fairly good","Male","1","2",5,0,10,10,1,5,10
"491","Very good","Male","0","2",5,1,10,10,2,10,10
"492","Fairly good","Male","0","2",NA,5,5,10,2,5,10
"493","Fairly good","Female","0","2",5,5,5,10,2,5,8
"494",NA,"Female","0","2",NA,1,5,10,2,10,8
"495","Fairly good","Female","0","2",NA,1,10,10,1,10,10
"496","Fairly good","Male","0","2",NA,NA,6,8,3,8,NA
"497","Fairly good","Female","1","2",8,7,6,7,1,7,9
"498","Fairly good","Male","0","2",5,3,3,8,2,8,8
"499","Fairly good","Male","1","2",3,1,3,7,1,0,0
"500","Fairly good","Female","0","1",5,6,6,8,2,7,8
"501","Very bad","Female","0","1",6,1,4,3,3,6,7
"502","Very good","Female","1","2",6,1,2,8,1,10,7
"503","Fairly good","Male","1",NA,NA,1,1,NA,NA,10,10
"504","Fairly good","Female","1","2",5,5,5,8,2,7,7
"505","Very good","Male","1","2",NA,1,3,9,1,10,10
"506","Very good","Female","1","2",7,0,0,5,1,9,9
"507","Fairly good","Male","1","2",5,1,1,9,1,2,8
"508","Very good","Female","1","2",3,3,1,5,1,10,10
"509","Fairly good","Female","0","2",6,2,1,7,2,10,6
"510","Fairly good","Female","1","2",NA,10,5,10,2,10,10
"511","Very good","Female","1","2",7,1,1,10,1,9,10
"512","Fairly good","Male","1","2",10,5,5,10,1,5,10
"513","Fairly good","Male","1","2",NA,1,7,7,2,7,9
"514","Fairly bad","Male","0","2",5,1,6,7,2,8,6
"515","Fairly good","Female","1","2",NA,1,10,9,1,10,10
"516","Fairly good","Male","1","1",5,1,3,8,2,10,10
"517","Very bad","Female","0","2",6,5,5,7,2,7,6
"518","Fairly good","Male","1","2",6,6,7,7,2,8,6
"519","Fairly bad","Male","0","3",9,5,3,3,1,3,7
"520",NA,"Female","0","2",6,NA,10,10,1,10,10
"521","Fairly good","Male","0","1",10,3,8,8,1,10,9
"522","Fairly good","Female","0","1",3,3,5,NA,1,6,10
"523",NA,"Female","0","2",NA,2,8,8,1,5,10
"524","Very good","Male","0","1",NA,1,5,10,1,10,10
"525","Very good","Female","0","2",1,5,10,10,1,10,10
"526","Very good","Female","0","1",NA,2,10,10,1,10,10
"527","Very good","Female","0","1",NA,1,6,10,1,10,10
"528","Fairly good","Female","0","2",5,0,0,0,2,10,10
"529","Fairly good","Male","0","2",NA,0,0,10,2,10,10
"530","Fairly good","Female","0","2",7,4,5,5,2,6,6
"531","Fairly good","Female","1","2",8,10,10,10,1,10,10
"532","Fairly good","Male","0","1",6,3,4,5,2,4,7
"533","Fairly good","Male","0","2",7,6,5,8,2,7,8
"534","Fairly good","Female","0","2",6,5,5,6,2,7,7
"535","Very good","Male","0","2",5,1,7,10,1,9,10
"536","Very good","Female","0","2",2,1,10,8,1,10,10
"537","Very good","Female","0","1",5,4,4,9,1,9,10
"538","Very good","Female","0","1",6,4,5,7,1,10,9
"539","Very good","Male","1","1",8,6,7,8,1,9,10
"540","Fairly good","Female","1","2",7,4,8,9,2,9,8
"541","Very good","Female","0","1",1,10,1,10,1,10,10
"542","Fairly good","Female","0","1",NA,5,8,10,2,7,7
"543","Very good","Female","0","2",3,5,8,7,1,6,7
"544","Very bad","Female","1","2",NA,10,10,5,2,10,10
"545","Very bad","Female","1","3",NA,NA,5,10,1,10,10
"546","Very bad","Male","0","2",5,10,7,8,2,9,6
"547","Fairly bad","Male","1","2",6,6,8,8,3,7,10
"548","Fairly bad","Female","0","2",6,6,10,6,3,5,8
"549","Fairly bad","Male","0","3",8,5,4,7,3,8,9
"550","Very bad","Male","0","3",7,8,3,8,3,7,5
"551","Fairly good","Male","0","2",NA,0,0,5,2,10,5
"552","Very good","Female","0","2",10,1,5,1,3,10,10
"553","Very good","Female","0","2",3,0,0,10,3,10,10
"554","Fairly good","Female","0","1",NA,0,0,10,2,10,10
"555","Fairly good","Female","0","2",6,1,1,9,1,10,10
"556","Fairly good","Female","0","2",6,1,5,3,2,9,8
"557","Fairly bad","Female","0","2",7,7,9,8,2,4,5
"558","Very good","Female","0","2",5,0,0,5,2,5,5
"559","Very bad","Female","0","2",NA,7,4,8,2,7,10
"560","Very bad","Female","1","2",NA,0,2,8,4,8,6
"561","Fairly good","Male","0","2",5,9,8,7,3,7,7
"562","Very bad","Female","0","2",7,10,10,10,1,9,10
"563","Very good","Female","0","2",10,3,10,10,2,10,10
"564","Very good","Female","0","1",5,2,5,8,1,5,9
"565","Very good","Female","0","2",10,5,10,10,1,10,10
"566","Very good","Male","0","1",5,5,1,10,1,5,10
"567","Fairly good","Female","1","1",7,3,4,6,2,8,7
"568","Fairly good","Female","1","2",NA,1,4,6,2,5,5
"569","Fairly good","Female","0","1",NA,7,5,7,2,5,8
"570","Very good","Female","0","2",5,0,0,3,2,10,10
"571","Very good","Male","0","3",5,0,0,6,2,10,10
"572","Fairly good","Female","1","2",5,0,0,5,2,10,10
"573","Very good","Female","1","1",NA,0,0,NA,2,10,10
"574","Fairly good","Female","1","1",NA,NA,0,10,2,10,10
"575","Very good","Female","0",NA,NA,0,0,10,NA,10,10
"576","Very good","Male","0","2",NA,0,0,NA,2,10,10
"577","Fairly good","Male","1","1",NA,0,0,NA,2,10,10
"578","Very good","Male","0","2",NA,5,NA,8,1,NA,NA
"579",NA,"Female","0","1",NA,NA,NA,NA,2,NA,NA
"580","Fairly good","Male","0","2",5,NA,NA,8,2,10,10
"581","Fairly good","Male","0","1",NA,2,3,8,1,9,10
"582","Very good","Female","1","2",NA,1,0,0,1,0,0
"583","Very good","Male","0","2",NA,2,3,9,1,9,10
"584","Fairly good","Male","0","1",NA,1,5,10,NA,10,10
"585","Fairly good","Male","0","2",5,1,2,9,1,10,10
"586","Fairly good","Female","0","2",NA,1,NA,10,2,10,10
"587","Fairly good","Male","0","2",NA,1,NA,10,2,0,10
"588","Fairly good","Female","1","2",8,2,9,10,2,10,10
"589","Fairly good","Female","0","2",8,1,10,10,2,10,10
"590","Fairly good","Female","0","2",8,10,5,5,1,10,10
"591","Very good","Female","0","2",8,1,3,9,2,10,10
"592","Fairly good","Male","0","2",NA,1,10,10,2,10,10
"593","Fairly good","Female","1","2",NA,1,5,10,2,5,10
"594","Fairly good","Female","1","1",5,4,1,8,2,5,5
"595","Fairly good","Male","1","2",1,1,1,1,2,10,10
"596","Fairly good","Female","0","2",NA,NA,NA,NA,2,NA,NA
"597",NA,"Female","1","1",NA,NA,5,4,2,9,10
"598","Fairly good","Male","0","2",5,1,10,6,1,10,10
"599","Fairly good","Female","0","2",6,6,5,4,2,6,5
"600","Fairly good","Female","0","2",5,5,5,8,2,10,10
"601","Very good","Female","0","1",10,1,3,8,2,9,10
"602","Fairly good","Male","0","2",NA,NA,6,5,1,9,10
"603","Very good","Female","1","3",7,1,4,10,2,10,10
"604","Very good","Male","1","2",7,1,1,6,3,0,0
"605","Fairly bad","Female","0","1",4,1,6,9,1,9,9
"606","Very bad","Male","0","1",NA,5,4,4,1,NA,4
"607","Very good","Female","1","2",7,1,1,10,1,10,10
"608","Fairly good","Female","0","2",5,1,3,5,3,7,6
"609","Fairly bad","Female","1","2",5,2,6,7,3,7,4
"610","Fairly good","Female","0","1",7,3,8,10,1,9,6
"611","Very good","Female","1","1",NA,2,10,5,2,10,10
"612","Very good","Male","0","1",10,1,5,10,1,10,10
"613","Very good","Male","0","3",5,1,10,1,1,1,1
"614",NA,"Male","0","1",NA,10,10,10,1,10,10
"615","Fairly good","Female","0","2",5,1,3,10,2,10,10
"616","Very bad","Female","1","2",6,3,10,10,1,5,3
"617","Fairly good","Female","0","2",5,5,7,5,2,10,10
"618","Fairly good","Female","0","2",2,1,10,3,1,10,10
"619","Very bad","Male","0","2",5,1,5,6,2,5,10
"620",NA,"Male","1","2",5,6,5,5,1,4,9
"621","Fairly good","Female","0","2",6,4,9,4,1,6,5
"622","Very good","Male","0","1",NA,5,2,4,2,7,9
"623","Very good","Female","0","1",NA,5,5,NA,2,8,5
"624","Very good","Female","0","1",NA,6,5,6,1,6,6
"625","Very good","Female","0","2",5,NA,10,10,1,10,10
"626","Fairly good","Female","0","1",5,0,0,10,3,10,10
"627","Fairly good","Female","0","2",5,0,0,10,1,10,10
"628","Fairly good","Male","0","2",NA,0,0,10,2,10,10
"629","Fairly good","Female","0","1",7,6,7,8,1,6,6
"630","Fairly good","Female","0","2",10,4,10,8,1,7,8
"631","Very good","Female","1","3",8,2,7,8,2,9,9
"632","Fairly good","Male","0","3",8,1,8,8,2,9,8
"633","Very good","Female","0","1",9,3,3,8,1,8,10
"634","Fairly bad","Female","0","2",6,3,2,8,1,6,8
"635","Fairly good","Male","1","2",8,3,5,9,1,6,6
"636","Very good","Female","0","1",10,5,6,7,2,6,7
"637","Very good","Male","0","2",10,NA,5,10,2,10,10
"638","Very good","Male","1","2",5,6,4,10,1,10,10
"639","Fairly good","Male","0","1",NA,8,8,7,2,5,9
"640","Fairly bad","Female","0",NA,6,7,5,8,1,8,10
"641","Fairly bad","Female","1","2",6,8,7,8,3,8,7
"642","Fairly bad","Female","0","2",8,6,9,9,1,6,9
"643","Fairly good","Male","1","2",9,3,3,4,1,4,5
"644","Fairly bad","Female","1","3",7,2,1,0,2,0,5
"645","Very bad","Male","1","2",6,4,3,8,4,4,4
"646","Very bad","Male","0","2",6,4,2,5,2,8,8
"647","Fairly good","Female","0","2",NA,5,5,10,1,9,10
"648","Very good","Female","0","2",NA,5,5,6,1,4,1
"649","Fairly bad","Female","0","2",6,2,9,5,1,9,10
"650","Very good","Male","0","2",10,10,10,10,1,10,10
"651","Fairly bad","Female","0","2",NA,1,10,10,1,10,10
"652","Very good","Male","0","3",9,1,3,9,3,8,9
"653","Fairly good","Male","0","2",NA,3,4,3,2,5,7
"654","Fairly good","Female","1","2",5,5,4,6,3,5,NA
"655","Very good","Male","1","2",9,2,NA,10,1,10,10
"656","Very good","Male","0","2",6,1,5,10,1,10,10
"657","Fairly good","Female","1","2",NA,5,1,7,2,9,9
"658","Very good","Female","0","2",10,1,10,10,2,10,10
"659","Fairly good","Female","0","1",NA,1,10,10,1,10,10
"660","Very bad","Male","1","3",10,1,1,1,1,10,NA
"661","Very good","Male","0",NA,NA,NA,10,10,1,1,10
"662",NA,"Male","0","2",NA,NA,10,10,1,NA,1
"663",NA,"Female","0","1",6,1,2,7,3,7,8
"664","Fairly good","Female","0","1",NA,0,0,10,2,10,8
"665","Fairly good","Male","0","1",NA,0,5,6,1,10,10
"666",NA,"Male","0","2",5,3,5,5,1,10,10
"667","Fairly good","Male","0","2",6,4,9,NA,1,8,7
"668","Fairly good","Female","0",NA,NA,6,5,7,2,9,8
"669","Fairly good","Male","0","2",NA,3,4,8,2,7,8
"670","Fairly good","Male","0",NA,NA,8,8,6,1,5,9
"671","Fairly good","Female","0","2",5,4,7,8,1,10,9
"672","Fairly good","Female","0","1",6,6,7,5,3,8,9
"673","Fairly good","Male","1","2",NA,6,8,9,2,6,4
"674","Fairly bad","Female","1","2",NA,7,9,7,2,7,5
"675","Fairly bad","Female","1","2",NA,7,8,9,2,7,9
"676","Fairly bad","Male","0","2",NA,7,7,7,2,9,8
"677","Fairly good","Male","0","2",7,6,5,5,2,5,6
"678","Fairly good","Female","1","2",6,6,7,5,2,5,6
"679","Fairly good","Male","1","2",6,4,5,6,2,5,5
"680","Fairly good","Male","0","2",7,5,3,4,2,6,7
"681","Very good","Male","1","2",NA,1,1,10,1,10,10
"682","Fairly good","Female","1","3",NA,5,5,7,2,10,10
"683","Fairly good","Female","1","3",5,1,1,5,2,5,5
"684","Fairly bad","Male","1","2",7,5,3,9,1,8,9
"685","Fairly bad","Male","0","1",1,NA,10,10,1,10,10
"686","Very good","Female","0","2",8,10,10,10,1,10,5
"687",NA,"Female","0","1",NA,1,NA,8,2,10,7
"688","Fairly good","Female","0","2",NA,3,0,8,1,9,9
"689","Fairly good","Female","1","2",NA,9,0,7,1,8,9
"690",NA,"Male","0","2",NA,NA,7,9,2,9,8
"691","Very good","Female","1","1",NA,1,2,6,2,6,10
"692",NA,"Male","1","2",7,5,6,8,2,9,8
"693","Fairly good","Male","0","3",3,0,0,5,2,10,10
"694","Very good","Female","0","2",7,0,0,4,2,10,10
"695","Fairly good","Male","1","3",NA,0,0,5,2,10,10
"696","Fairly good","Female","1","2",NA,NA,0,NA,2,10,10
"697","Fairly good","Female","1","2",3,5,5,9,2,9,9
"698","Fairly good","Male","0","1",NA,1,5,9,2,7,10
"699","Fairly good","Male","0","1",NA,5,10,10,2,10,10
"700","Fairly good","Male","1","2",2,6,6,10,2,10,9
"701","Fairly good","Female","1","1",NA,1,1,10,1,10,10
"702","Very bad","Male","0","2",5,1,10,10,NA,10,1
"703","Fairly bad","Female","0","3",NA,1,1,1,1,10,NA
"704",NA,"Female","0","1",5,3,10,6,2,10,6
"705",NA,"Female","0","1",NA,1,7,8,2,10,7
"706",NA,"Female","0","1",8,2,9,9,1,0,9
"707",NA,"Female","0","2",4,NA,NA,NA,2,NA,NA
"708",NA,"Female","0","2",10,5,5,5,1,5,9
"709","Fairly good","Female","0","2",6,1,10,0,2,10,10
"710","Very good","Male","1","2",6,5,6,5,1,7,5
"711","Fairly good","Male","0",NA,6,4,8,7,1,6,10
"712","Fairly good","Female","1","2",5,4,5,8,1,6,10
"713","Fairly good","Male","0",NA,NA,7,8,5,1,8,10
"714","Fairly bad","Female","1","2",4,4,6,7,2,4,2
"715","Fairly bad","Female","0","1",5,6,8,9,NA,10,10
"716","Fairly bad","Male","0","2",5,4,10,4,3,5,6
"717","Fairly good","Male","0","2",5,6,10,7,NA,5,8
"718","Fairly bad","Male","0","2",4,9,9,8,2,8,7
"719","Fairly good","Female","0","2",6,3,5,7,2,4,6
"720","Fairly bad","Male","1","2",7,7,8,8,2,7,6
"721","Fairly good","Female","1","2",5,4,6,6,2,5,6
"722",NA,"Male","0","3",NA,2,2,2,1,2,2
"723",NA,"Male","0","2",NA,7,0,8,1,0,0
"724","Fairly good","Male","0","1",5,NA,0,NA,1,NA,NA
"725",NA,"Male","0","2",7,6,1,6,1,10,10
"726","Fairly good","Female","0","2",NA,NA,1,10,1,10,10
"727",NA,"Male","0","2",NA,0,0,10,2,10,10
"728",NA,"Female","0","1",NA,1,0,10,1,10,10
"729","Fairly good","Male","0","1",5,1,1,10,2,10,10
"730",NA,"Male","0","2",8,0,4,9,1,9,9
"731","Fairly good","Male","1","2",5,4,6,9,1,9,9
"732","Fairly good","Male","0","1",NA,0,0,0,NA,9,8
"733","Fairly good","Male","0","1",6,4,5,7,2,7,7
"734","Fairly good","Female","0","2",NA,NA,8,10,2,10,10
"735","Fairly bad","Male","1",NA,3,NA,10,10,2,10,10
"736","Fairly good","Female","1","2",5,2,6,5,2,9,8
"737","Fairly good","Male","0","3",4,1,6,8,2,9,9
"738","Very good","Male","0","3",5,10,NA,10,1,10,10
"739","Very good","Male","0","2",8,2,4,10,2,10,10
"740","Fairly good","Female","1","2",9,2,6,10,2,10,10
"741","Very good","Male","0","2",8,2,3,10,2,10,10
"742",NA,"Female","0","1",NA,NA,NA,10,2,10,10
"743","Very good","Male","0","1",10,1,1,10,1,1,10
"744","Fairly bad","Male","0","2",NA,1,5,5,2,10,5
"745","Fairly good","Female","1","2",NA,1,1,10,3,10,10
"746","Very bad","Male","0","1",5,10,8,6,2,5,6
"747","Fairly good","Female","0","3",5,1,1,1,2,10,NA
"748",NA,"Male","0","1",10,1,NA,10,1,10,10
"749",NA,"Female","0","3",10,10,0,10,3,NA,10
"750",NA,"Female","0","1",10,1,1,10,2,1,10
"751","Fairly bad","Male","0","2",5,3,2,2,2,8,6
"752","Fairly good","Female","0","2",6,7,6,7,1,9,8
"753","Fairly good","Female","0","2",5,1,0,3,2,10,9
"754","Very bad","Female","0","1",10,1,1,1,1,10,10
"755","Very good","Female","0","2",5,1,10,NA,3,10,10
"756","Fairly good","Male","0","1",5,3,5,5,1,8,10
"757","Fairly good","Female","0","1",5,4,4,5,3,9,8
"758","Fairly good","Female","0","2",4,1,2,5,2,9,9
"759","Fairly bad","Female","0","3",5,5,8,7,2,3,5
"760","Fairly good","Female","0","2",5,4,5,5,1,5,5
"761","Fairly bad","Female","0","2",5,1,3,5,2,8,10
"762","Very good","Female","1","2",7,9,8,4,3,8,8
"763",NA,"Male","0","2",6,3,6,6,2,6,3
"764","Fairly good","Female","0","3",7,3,5,5,2,5,5
"765","Fairly good","Female","1","2",6,7,5,7,2,6,7
"766","Fairly bad","Male","0","2",6,5,2,8,2,8,5
"767","Very good","Male","0","1",10,1,7,5,4,10,10
"768","Very good","Female","0","2",NA,5,5,5,1,6,4
"769","Fairly good","Male","0","2",3,1,7,7,2,10,10
"770",NA,"Female","1","2",5,3,6,5,2,8,10
"771","Fairly good","Female","1","1",NA,NA,NA,NA,2,NA,10
"772",NA,"Female","0","2",NA,NA,NA,NA,2,NA,10
"773","Very good","Male","0","2",NA,9,10,10,2,10,10
"774","Fairly good","Male","0","2",NA,8,8,10,2,8,10
"775","Fairly good","Female","0","2",5,0,9,8,2,8,9
"776","Fairly good","Male","0","2",NA,3,9,8,2,8,7
"777","Very good","Female","0","2",6,4,8,9,2,8,10
"778","Fairly good","Female","1","2",NA,5,5,5,1,5,5
"779","Very good","Male","0","2",NA,4,3,4,2,10,7
"780","Very good","Female","1","2",5,NA,NA,5,1,10,10
"781","Fairly bad","Female","1",NA,6,3,7,3,2,8,5
"782","Fairly good","Female","1","3",5,2,4,5,2,8,7
"783","Fairly bad","Male","0","2",4,1,2,3,2,10,10
"784","Fairly good","Male","1","3",6,10,10,10,1,10,10
"785",NA,"Female","1","2",NA,NA,10,10,1,10,10
"786","Very good","Male","1","3",NA,NA,5,5,1,10,10
"787","Fairly good","Male","0","2",7,5,5,4,3,7,3
"788","Fairly good","Male","0","2",5,5,5,3,NA,10,5
"789","Fairly good","Male","0","2",8,6,6,4,NA,8,5
"790","Very bad","Male","1",NA,NA,NA,8,9,2,10,10
"791",NA,"Female","1","1",5,1,NA,10,1,10,10
"792","Fairly good","Male","0","2",6,1,5,7,2,9,10
"793","Fairly good","Male","0","1",7,5,2,7,2,10,10
"794",NA,"Male","0",NA,6,NA,NA,NA,NA,NA,NA
"795","Very good","Male","1",NA,1,10,1,10,2,10,10
"796",NA,"Female","0","2",10,5,5,10,1,10,10
"797","Fairly bad","Female","1","2",5,3,7,6,2,6,6
"798","Fairly bad","Male","0","3",5,5,7,6,3,5,7
"799","Very good","Female","0","1",NA,3,10,5,2,10,10
"800","Very bad","Female","0","2",8,5,5,10,2,10,10
"801",NA,"Female","0","1",NA,0,0,0,1,0,0
"802",NA,"Female","0","1",NA,0,0,0,2,0,0
"803",NA,"Male","0","2",5,3,6,6,1,6,5
"804","Fairly bad","Male","0","2",7,5,6,2,1,9,7
"805","Very good","Female","0","2",NA,7,5,9,2,4,7
"806","Fairly good","Male","0","1",6,9,7,9,2,8,7
"807","Very good","Male","0","2",NA,5,3,10,1,9,8
"808","Fairly good","Female","1","1",5,NA,NA,6,1,6,10
"809","Fairly good","Female","0","2",5,NA,NA,9,1,7,8
"810","Very good","Female","0","1",NA,0,10,7,3,10,10
"811","Fairly good","Female","0","2",NA,0,10,9,1,10,10
"812","Fairly good","Male","0","1",6,5,7,7,2,8,7
"813","Fairly bad","Female","0","2",6,4,6,4,1,8,6
"814","Very bad","Female","0","2",1,5,10,1,4,5,10
"815","Very bad","Male","0",NA,NA,NA,5,5,4,10,10
"816","Very good","Male","0","2",6,4,10,NA,NA,10,3
"817","Fairly good","Female","1","2",10,3,7,1,2,10,10
"818","Fairly good","Male","0","2",7,6,7,6,2,5,8
"819","Very good","Female","1","2",6,5,3,3,2,5,4
"820","Very good","Female","0","2",NA,7,5,5,3,7,4
"821","Very good","Female","1","3",NA,NA,NA,10,2,NA,10
"822","Fairly good","Female","0","2",6,6,4,4,2,4,5
"823","Fairly good","Male","0","2",6,5,4,4,2,4,4
"824",NA,"Female","0","1",NA,NA,5,10,1,4,9
"825","Fairly good","Male","0","2",NA,6,4,5,1,5,5
"826","Fairly good","Male","0","2",5,1,3,10,2,10,10
"827","Fairly good","Male","0","1",NA,1,3,10,1,10,10
"828","Fairly good","Female","0","2",6,8,5,6,3,6,8
"829","Very bad","Male","0","2",7,6,3,5,3,6,4
"830","Fairly good","Female","1","2",8,7,4,5,2,9,5
"831","Very good","Female","0","3",NA,1,10,10,1,10,10
"832","Very good","Female","1","2",5,1,6,10,2,10,10
"833",NA,"Female","0","1",NA,7,7,6,2,6,6
"834","Very bad","Male","0","1",NA,4,7,9,1,6,9
"835","Fairly good","Female","1","2",5,7,9,8,2,7,8
"836","Very good","Male","1","2",NA,5,8,6,3,7,7
"837","Fairly bad","Male","1","2",5,1,0,7,4,6,6
"838","Very good","Female","0","1",10,5,0,10,1,5,10
"839","Fairly good","Female","1","1",NA,3,5,5,1,8,8
"840","Very good","Female","0","2",10,1,3,10,1,10,10
"841","Fairly good","Female","0","2",5,5,4,6,2,9,6
"842","Fairly good","Male","0","1",NA,6,10,9,2,10,10
"843","Fairly good","Female","1","2",6,1,6,0,1,6,10
"844","Fairly good","Male","0","2",7,4,6,7,2,7,6
"845","Fairly good","Male","0","2",6,7,7,7,2,7,6
"846","Fairly good","Male","1","3",8,10,8,8,2,9,9
"847","Fairly good","Female","1","2",7,1,5,10,2,10,10
"848","Fairly bad","Male","0","3",NA,9,9,10,2,9,10
"849","Fairly bad","Male","0","1",5,1,10,10,2,10,10
"850","Fairly good","Female","0","1",NA,8,10,10,1,10,10
"851","Fairly good","Female","0","1",NA,5,7,6,1,6,6
"852","Fairly bad","Female","0","2",9,2,8,6,1,4,10
"853","Fairly good","Male","0","3",8,7,8,6,3,6,10
"854","Fairly bad","Female","0","3",7,5,6,7,1,7,9
"855","Fairly bad","Female","1","2",5,5,8,8,2,6,10
"856","Fairly good","Male","0","2",NA,0,0,7,1,10,10
"857","Very bad","Male","0",NA,5,0,0,10,1,1,10
"858","Very bad","Male","0",NA,4,1,10,10,NA,6,10
"859","Fairly good","Male","0","1",NA,1,5,10,1,10,10
"860","Fairly good","Female","0","1",NA,4,NA,10,1,NA,NA
"861","Fairly good","Female","1","1",4,3,2,10,1,10,10
"862","Fairly good","Male","0","1",5,3,1,10,2,10,10
"863","Very good","Female","0","1",NA,1,4,10,NA,10,10
"864","Fairly good","Male","1","2",NA,2,6,5,1,8,7
"865","Fairly bad","Female","0","1",9,5,8,8,1,9,10
"866","Fairly good","Female","1","3",5,2,3,7,1,9,9
"867",NA,"Female","0","2",NA,0,0,5,2,9,10
"868","Fairly bad","Male","0","2",5,9,10,9,2,9,9
"869","Fairly good","Male","0","2",NA,3,6,7,2,8,7
"870","Fairly good","Male","1","2",4,1,10,8,2,10,10
"871","Fairly good","Female","0","1",5,NA,6,6,2,8,8
"872",NA,"Female","0","2",NA,NA,NA,NA,NA,NA,NA
"873","Fairly good","Female","1","2",5,3,3,3,3,2,7
"874","Fairly good","Female","1","3",7,1,3,6,2,9,10
"875","Fairly bad","Female","1","2",4,2,4,4,2,8,4
"876","Fairly good","Male","0","2",6,1,3,5,2,10,10
"877","Fairly good","Female","0","2",6,1,3,6,2,8,7
"878",NA,"Female","0","2",NA,8,8,5,1,10,10
"879","Very good","Male","1","3",NA,10,8,9,1,9,9
"880","Fairly good","Male","0","1",NA,1,3,9,1,10,10
"881","Fairly good","Female","0","2",5,1,1,10,1,10,10
"882","Very good","Female","0","2",5,1,1,10,2,10,10
"883","Fairly good","Male","0","1",5,1,1,10,1,10,10
"884","Fairly good","Female","0","1",NA,1,NA,10,2,10,10
"885","Fairly good","Female","0","1",5,10,4,5,2,10,9
"886","Fairly good","Male","0","1",1,4,6,5,2,10,5
"887","Fairly good","Female","0","1",5,8,5,5,NA,6,6
"888","Very good","Female","0","1",NA,10,8,9,3,10,10
"889","Fairly good","Female","0","1",6,4,4,4,2,6,6
"890","Fairly good","Female","0","2",5,4,8,7,2,5,7
"891","Fairly good","Female","0","1",6,4,5,5,3,5,4
"892","Fairly bad","Male","0","1",6,6,5,3,3,3,5
"893","Fairly bad","Female","0","2",3,7,7,NA,3,NA,5
"894","Fairly bad","Male","0","2",6,3,5,7,2,4,6
"895","Fairly bad","Female","0","2",6,3,5,5,1,5,4
"896","Fairly good","Female","0","2",8,4,3,8,2,10,6
"897","Fairly good","Female","0","2",10,1,7,10,2,10,10
"898",NA,"Female","0","1",NA,NA,NA,6,2,NA,NA
"899","Fairly good","Female","1","2",5,0,2,7,2,7,7
"900","Fairly good","Female","0","2",6,0,0,8,2,9,8
"901","Fairly good","Female","0","2",NA,1,10,5,2,10,10
"902","Fairly good","Female","0","1",5,5,5,10,2,10,10
"903","Fairly good","Female","1","2",NA,2,2,9,1,9,10
"904","Fairly good","Male","0","2",5,3,8,5,1,5,8
"905",NA,"Male","0","1",NA,NA,10,10,1,10,10
"906","Very bad","Female","0","1",NA,2,10,10,1,NA,10
"907","Fairly good","Female","0","1",NA,2,1,8,1,10,10
"908","Fairly bad","Male","0","2",8,1,1,5,1,10,9
"909","Very good","Female","0","2",5,2,1,6,1,7,8
"910","Very good","Male","0","2",8,2,2,7,1,8,10
"911","Very good","Male","0","2",NA,1,1,10,2,10,10
"912","Very good","Male","0","2",NA,1,1,7,2,8,10
"913","Fairly good","Female","0","2",5,6,4,5,2,10,9
"914","Fairly good","Male","0","2",7,5,7,9,2,8,9
"915","Fairly good","Female","1","2",7,2,8,9,1,9,10
"916","Very good","Male","1","2",NA,1,1,10,2,10,10
"917","Very good","Female","0","2",5,1,1,4,2,5,10
"918","Fairly good","Female","0","1",7,7,10,10,2,10,10
"919","Fairly good","Female","0","2",5,3,4,5,3,4,2
"920","Very bad","Female","0","2",6,7,8,5,2,4,10
"921","Very good","Female","1","2",NA,5,1,10,1,10,10
"922",NA,"Female","0","2",6,NA,NA,4,1,7,NA
"923",NA,"Male","1","2",8,NA,NA,9,1,NA,9
"924",NA,"Male","0","2",NA,0,3,7,1,10,10
"925","Fairly bad","Male","0","1",NA,8,9,8,2,8,7
"926","Fairly good","Female","0","2",NA,NA,NA,10,1,10,10
"927",NA,"Female","0","1",NA,0,0,0,1,10,10
"928",NA,"Female","0","1",7,0,NA,10,1,10,10
"929","Very good","Female","1","2",6,6,10,6,1,10,8
"930",NA,"Female","0","2",NA,NA,NA,NA,1,NA,NA
"931","Very good","Male","0",NA,NA,NA,NA,10,1,NA,10
"932","Fairly good","Female","0","1",NA,NA,NA,10,1,5,8
"933","Very good","Female","0","1",NA,NA,5,10,1,5,8
"934","Fairly good","Male","0","2",NA,3,5,8,1,8,10
"935",NA,"Female","0","2",10,7,9,9,1,8,9
"936","Fairly good","Female","1","2",NA,1,7,8,1,6,10
"937","Fairly good","Male","0","2",6,1,4,8,2,8,8
"938","Very good","Female","0","2",6,7,6,7,2,5,8
"939","Fairly good","Female","0","2",6,7,8,8,2,8,8
"940",NA,"Male","0",NA,NA,NA,4,NA,1,7,NA
"941","Fairly good","Female","0","2",NA,1,5,7,2,10,5
"942","Very good","Female","1","2",9,5,NA,5,2,7,6
"943",NA,"Female","0","1",10,5,5,5,2,5,5
"944","Fairly bad","Male","0","2",10,5,5,10,1,8,5
"945","Very bad","Male","0","1",10,8,1,5,1,10,10
"946",NA,"Female","1","2",8,0,NA,NA,2,10,10
"947",NA,"Female","0","2",10,1,8,8,1,8,8
"948","Fairly good","Female","0","1",NA,NA,NA,NA,1,10,10
"949",NA,"Female","0","1",NA,5,NA,NA,1,10,10
"950",NA,"Female","0","3",NA,0,0,0,1,0,10
"951","Fairly good","Female","0","2",5,10,8,8,2,7,7
"952","Very good","Male","0","2",5,8,8,7,4,7,7
"953","Fairly good","Female","0","1",6,8,8,7,4,8,7
"954","Fairly good","Female","0","2",5,4,5,5,1,4,3
"955","Very good","Female","0","1",10,2,7,7,2,9,10
"956","Fairly bad","Male","0","1",10,6,8,10,3,10,10
"957","Very good","Female","0","2",NA,0,0,5,1,0,0
"958","Very good","Female","0","1",NA,7,5,7,4,6,4
"959","Fairly good","Male","0","2",NA,0,5,10,4,10,10
"960","Fairly bad","Male","0","1",5,NA,5,5,2,5,10
"961","Very good","Male","1","3",NA,0,6,8,1,10,10
"962","Fairly bad","Female","0","2",6,8,7,7,2,5,4
"963","Fairly bad","Female","0","1",6,9,6,7,2,9,7
"964","Fairly bad","Male","0","3",6,10,4,6,2,8,6
"965","Fairly good","Female","0","2",7,5,9,6,2,4,7
"966","Fairly bad","Female","0","3",7,5,5,6,3,6,7
"967","Fairly good","Male","0","2",NA,0,10,5,2,10,10
"968","Fairly good","Female","1","2",NA,0,0,10,2,10,10
"969","Fairly good","Female","0","2",NA,0,0,10,1,10,10
"970","Fairly good","Female","0","2",NA,0,0,10,1,10,10
"971","Fairly good","Male","0","2",NA,0,0,10,1,9,10
"972","Fairly good","Female","0","2",NA,0,0,10,1,10,10
"973","Very good","Female","1","2",7,0,2,9,2,9,8
"974","Fairly good","Female","1","2",7,6,8,10,2,10,10
"975","Fairly bad","Female","0","2",6,4,8,6,1,7,7
"976",NA,"Male","0","1",NA,NA,NA,7,2,10,10
"977","Very good","Female","0","1",5,1,1,10,2,10,10
"978",NA,"Male","0","1",NA,0,1,10,2,10,10
"979","Fairly good","Male","0","1",NA,1,1,10,1,10,10
"980",NA,"Female","0","1",NA,NA,NA,10,2,10,10
"981",NA,"Male","0","2",NA,NA,NA,NA,1,NA,NA
"982","Very bad","Male","0","1",NA,1,NA,10,1,10,10
"983",NA,"Female","0","1",NA,1,NA,NA,1,NA,10
"984",NA,"Female","0","2",NA,NA,NA,10,1,NA,NA
"985",NA,"Male","0","2",5,5,7,8,1,10,NA
"986","Fairly good","Female","0","1",NA,NA,5,10,1,10,10
"987","Fairly good","Female","0","2",NA,NA,0,NA,1,10,10
"988","Fairly bad","Female","1","2",NA,4,5,7,3,6,6
"989","Fairly bad","Male","0","3",6,6,6,6,2,6,5
"990","Very bad","Female","0","2",8,9,8,6,1,7,7
"991","Fairly good","Female","0","2",8,8,7,7,2,9,7
"992","Fairly good","Female","1","3",NA,1,4,8,2,9,8
"993","Fairly good","Female","0","2",NA,0,2,4,1,10,10
"994","Fairly good","Male","1","2",5,2,3,4,1,9,10
"995","Very good","Male","0","3",6,1,4,8,2,10,10
"996","Fairly bad","Female","0","2",NA,6,8,10,3,10,10
"997","Very good","Female","0","2",5,2,5,10,2,10,10
"998","Fairly good","Female","1","2",7,3,3,8,2,8,8
"999",NA,"Male","0","2",1,1,5,6,3,10,10
"1000","Fairly good","Female","0","2",7,3,7,7,1,10,10
"1001","Fairly good","Female","1","2",NA,2,2,9,1,10,10
"1002","Very good","Male","0","2",4,1,5,8,2,10,10
"1003","Fairly good","Female","1","2",7,2,NA,8,1,10,9
"1004","Fairly good","Female","1","1",NA,NA,5,NA,2,5,5
"1005","Fairly bad","Female","0","1",5,10,10,9,2,10,9
"1006","Fairly bad","Male","0","2",NA,5,10,9,2,10,8
"1007","Fairly good","Male","0","2",NA,2,1,10,1,10,10
"1008","Fairly good","Male","0","3",NA,1,1,8,2,8,8
"1009","Fairly bad","Female","1","2",6,7,3,3,3,3,5
"1010","Fairly bad","Male","1","2",6,5,4,6,3,6,5
"1011","Fairly bad","Male","1","2",6,4,6,6,3,6,4
"1012","Fairly bad","Female","1","2",7,7,5,7,2,7,4
"1013","Fairly bad","Female","0","2",7,6,4,5,1,6,6
"1014","Fairly good","Female","0","1",7,6,5,5,2,5,6
"1015","Very good","Male","0","1",6,4,4,8,1,9,9
"1016","Very good","Female","0","2",8,7,3,7,2,7,6
"1017","Fairly good","Female","1","2",NA,10,6,6,2,10,10
"1018","Very good","Male","0","2",NA,3,5,6,1,8,6
"1019","Fairly good","Female","0","1",NA,5,4,5,2,7,5
"1020","Very bad","Female","1","2",6,7,4,6,NA,6,3
"1021","Fairly bad","Female","1","2",2,1,1,4,1,10,10
"1022","Fairly good","Male","0","2",NA,1,1,8,1,10,10
"1023","Very good","Female","1","3",8,1,1,6,2,10,10
"1024","Fairly bad","Male","1","2",5,2,2,9,2,5,9
"1025","Very good","Female","1","2",4,6,6,8,3,7,7
"1026","Fairly bad","Male","0","2",8,2,3,3,2,3,2
"1027","Fairly good","Female","0","1",NA,1,1,4,2,6,7
"1028","Fairly good","Male","0","1",5,5,2,7,2,5,6
"1029",NA,"Male","0","2",NA,NA,NA,4,2,NA,NA
"1030","Fairly good","Male","0",NA,8,7,9,3,2,5,7
"1031","Fairly bad","Male","1","3",NA,6,8,10,2,10,7
"1032","Fairly good","Female","0","2",5,5,2,5,1,5,4
"1033","Fairly good","Male","0","2",5,5,6,6,1,5,6
"1034","Fairly good","Female","0","2",NA,4,5,8,1,6,7
"1035","Very good","Male","0","1",5,1,7,8,1,10,10
"1036","Fairly good","Male","0","3",8,1,6,8,2,10,10
"1037","Fairly good","Female","0","1",10,3,NA,5,2,7,9
"1038","Fairly good","Female","0","1",8,4,6,5,2,6,7
"1039","Fairly good","Female","1","2",6,3,9,8,2,8,8
"1040","Fairly bad","Male","0","2",4,0,NA,0,2,0,10
"1041","Very good","Male","0","1",NA,8,8,9,4,8,10
"1042","Fairly good","Female","0","2",7,0,NA,10,1,10,10
"1043","Fairly good","Male","0","2",NA,1,8,1,3,8,8
"1044","Very good","Female","1","1",8,1,10,10,4,10,10
"1045","Fairly bad","Male","0","2",NA,6,6,7,3,5,8
"1046","Fairly bad","Male","0","1",NA,3,6,10,2,8,8
"1047",NA,"Female","0","1",NA,NA,NA,10,1,10,10
"1048","Fairly good","Male","1","2",NA,5,7,10,3,10,6
"1049","Fairly good","Male","1","2",NA,5,0,8,1,8,10
"1050","Fairly good","Female","1","2",3,6,0,10,2,10,10
"1051","Very good","Male","0","2",5,4,4,9,1,8,8
"1052","Very bad","Male","0","2",10,1,NA,10,1,10,10
"1053",NA,"Male","0","2",5,1,5,10,2,5,5
"1054","Fairly good","Male","0","2",NA,NA,NA,NA,2,NA,NA
"1055","Fairly bad","Female","0","2",9,6,7,7,2,6,9
"1056","Fairly bad","Female","1","2",7,9,7,6,3,5,6
"1057","Fairly bad","Female","0","2",6,7,8,9,2,4,10
"1058","Fairly bad","Female","0","2",6,5,8,7,2,5,9
"1059","Fairly bad","Female","0","2",5,9,4,8,2,8,4
"1060","Very good","Female","1",NA,NA,0,0,10,1,NA,10
"1061",NA,"Male","1","2",NA,0,0,10,1,7,8
"1062","Fairly good","Female","0","2",8,0,0,10,2,6,10
"1063","Fairly good","Female","1","2",NA,0,0,8,1,6,10
"1064","Fairly good","Female","1","2",NA,0,0,10,1,10,10
"1065","Fairly good","Male","1","2",NA,1,0,10,1,10,10
"1066","Very bad","Female","1","3",6,7,7,5,2,8,6
"1067","Fairly good","Female","0","2",6,2,1,10,1,10,10
"1068","Fairly good","Female","1","1",NA,0,0,NA,1,10,10
"1069","Fairly good","Female","1","2",NA,6,NA,10,2,10,10
"1070","Fairly good","Female","1","2",NA,NA,1,8,2,8,8
"1071","Very good","Female","0","2",6,1,4,10,2,10,10
"1072","Very good","Male","1","2",5,1,5,10,1,10,10
"1073","Fairly bad","Male","0","2",6,7,6,7,2,7,5
"1074","Fairly bad","Female","1","2",6,6,4,6,3,5,6
"1075","Fairly bad","Female","0","2",7,4,3,5,1,3,6
"1076","Fairly good","Female","0","2",7,6,5,5,1,5,7
"1077","Fairly good","Female","1","1",4,5,2,4,2,5,5
"1078","Fairly bad","Male","0","2",6,3,4,4,3,4,6
"1079","Fairly good","Female","0","2",7,6,4,5,1,5,6
"1080","Fairly bad","Female","1","3",5,0,0,10,2,6,10
"1081","Fairly bad","Female","1","2",NA,1,1,5,2,10,10
"1082","Fairly good","Male","0","2",NA,5,8,8,2,8,8
"1083","Very good","Female","0","2",5,8,6,9,2,9,9
"1084","Fairly good","Female","1","3",5,5,4,5,3,9,10
"1085","Fairly good","Male","1","2",7,6,6,9,1,9,9
"1086","Fairly good","Female","0","1",NA,NA,NA,7,2,10,10
"1087","Fairly good","Male","0","2",5,5,6,5,2,9,6
"1088",NA,"Female","0","2",6,5,6,7,2,7,6
"1089","Fairly bad","Male","1","2",5,5,6,5,1,5,7
"1090","Fairly good","Female","1",NA,NA,6,6,8,1,8,8
"1091","Fairly good","Male","0","2",4,3,4,6,2,4,9
"1092","Fairly good","Female","0","1",NA,5,5,10,1,8,9
"1093","Fairly good","Male","0","1",NA,0,5,9,2,7,8
"1094",NA,"Female","0","1",NA,1,1,10,2,6,10
"1095","Very bad","Female","0","2",NA,4,0,10,1,0,10
"1096",NA,"Female","0","2",NA,1,10,10,3,10,10
"1097","Fairly bad","Female","0","2",NA,3,8,8,1,10,10
"1098",NA,"Male","1","1",7,NA,3,8,2,NA,9
"1099","Fairly good","Female","0","1",NA,10,10,10,1,10,10
"1100","Fairly good","Female","1","2",7,2,9,10,2,6,8
"1101","Very good","Male","0","1",NA,1,8,7,2,8,10
"1102","Very good","Female","0","1",NA,8,10,10,2,NA,10
"1103","Fairly good","Male","1","2",NA,0,NA,8,2,10,10
"1104",NA,"Female","1","2",8,5,NA,7,NA,10,7
"1105",NA,"Female","1","2",NA,NA,NA,6,NA,10,5
"1106","Fairly bad","Male","0","2",6,4,8,7,2,5,6
"1107","Very bad","Female","0","2",7,7,9,6,2,2,4
"1108","Fairly bad","Male","0","3",NA,3,7,4,1,4,8
"1109","Very good","Female","0","2",7,8,3,7,2,8,4
"1110","Fairly bad","Male","0","2",7,4,7,7,1,5,10
"1111","Very bad","Male","0","2",6,8,6,7,2,4,3
"1112","Very bad","Male","0","2",7,6,5,6,2,9,3
"1113","Fairly good","Female","0","2",NA,0,0,5,1,6,10
"1114","Fairly good","Female","1","2",NA,0,0,10,2,6,9
"1115","Fairly good","Male","0","2",NA,0,0,8,2,6,10
"1116","Fairly good","Female","0","2",NA,0,0,8,2,NA,8
"1117","Fairly bad","Female","1",NA,NA,0,0,8,1,8,10
"1118","Fairly good","Male","0","2",10,7,7,7,1,6,8
"1119","Fairly good","Male","1","1",10,5,8,6,1,9,10
"1120",NA,"Male","0","2",8,6,8,9,2,7,10
"1121","Fairly good","Female","0","2",NA,1,1,10,2,10,10
"1122","Fairly good","Male","0","2",NA,1,1,10,2,10,10
"1123","Fairly good","Male","0","2",6,2,1,10,2,10,10
"1124","Fairly bad","Male","1","1",6,7,5,6,1,6,7
"1125","Fairly bad","Male","1","3",7,3,5,5,1,5,7
"1126","Fairly good","Male","1","2",4,5,4,5,1,7,8
"1127","Fairly good","Female","1","1",8,7,3,4,2,9,7
"1128",NA,"Male","0","1",NA,1,1,8,3,NA,2
"1129","Fairly bad","Female","0","1",5,1,1,7,2,9,8
"1130",NA,"Female","0","1",NA,2,2,7,1,9,7
"1131","Fairly good","Female","0","1",NA,1,10,NA,1,10,10
"1132","Fairly good","Female","0","1",7,5,6,6,2,6,6
"1133","Fairly good","Female","1","1",6,5,5,8,2,5,8
"1134","Fairly good","Male","1","3",7,1,3,8,1,10,10
"1135","Very good","Female","0","2",3,3,1,10,1,10,10
"1136","Fairly good","Male","0","2",6,6,6,6,2,6,7
"1137","Fairly good","Male","0","2",NA,6,7,8,1,9,9
"1138","Very good","Female","1","2",NA,5,7,8,2,10,9
"1139","Fairly good","Male","1","2",6,6,10,8,1,5,7
"1140","Fairly good","Male","1","2",NA,4,9,9,2,9,8
"1141","Very bad","Male","0","1",NA,1,5,10,4,10,10
"1142","Very good","Male","1","2",6,6,7,7,2,10,10
"1143","Fairly good","Female","0","2",NA,6,8,9,2,9,8
"1144","Fairly good","Female","0","2",NA,8,7,8,2,7,6
"1145","Very good","Female","1","2",5,7,5,8,2,7,6
"1146",NA,"Female","0",NA,NA,1,3,5,NA,10,10
"1147","Very good","Female","0","2",6,7,8,8,1,7,6
"1148","Very good","Female","0","2",9,6,7,6,1,5,5
"1149","Fairly good","Male","0","2",6,5,8,9,2,5,7
"1150","Fairly good","Male","1","2",NA,6,6,6,1,7,6
"1151","Fairly good","Female","1","1",NA,5,5,6,2,6,6
"1152","Very bad","Female","0","2",5,8,6,6,1,6,4
"1153","Fairly bad","Female","1","2",5,8,7,8,1,9,9
"1154","Very good","Female","1","2",3,5,10,10,1,10,10
"1155","Very good","Female","1","2",4,5,9,7,1,7,4
"1156","Very good","Female","0","2",NA,7,7,9,1,5,10
"1157","Very good","Female","1","2",3,0,7,NA,2,8,10
"1158","Fairly bad","Female","1","2",5,6,9,8,1,6,5
"1159","Fairly good","Female","1","2",NA,8,1,6,2,8,8
"1160","Very good","Female","0","1",NA,3,3,10,1,5,10
"1161",NA,"Male","1","2",8,6,6,6,2,6,6
"1162","Fairly good","Female","1","2",5,8,9,7,1,7,8
"1163","Very bad","Female","0","2",6,6,6,6,2,3,7
"1164","Very good","Female","1","2",6,5,7,6,2,4,7
"1165","Very bad","Female","0","2",NA,10,5,8,2,10,2
"1166","Fairly bad","Female","0","2",6,5,8,7,2,6,10
"1167","Fairly good","Male","1","2",NA,0,0,9,1,6,10
"1168","Fairly good","Male","0","2",NA,0,0,9,2,9,10
"1169","Fairly good","Female","1","1",5,1,1,2,1,5,10
"1170","Fairly good","Male","0","1",5,3,9,9,1,7,10
"1171","Very good","Female","1","2",NA,5,5,10,1,10,10
"1172","Fairly bad","Female","0","2",7,6,4,5,1,5,6
"1173",NA,"Male","0","1",NA,2,3,8,2,8,6
"1174","Fairly bad","Male","0","2",5,0,0,5,2,8,7
"1175","Fairly good","Male","0","2",NA,NA,10,10,NA,10,10
"1176","Fairly good","Female","1","2",5,0,10,10,1,10,10
"1177","Fairly good","Male","1","2",NA,NA,10,10,1,10,10
"1178","Fairly good","Female","0","2",NA,0,10,10,2,10,10
"1179","Fairly good","Female","1","2",NA,NA,10,5,1,10,10
"1180","Fairly good","Female","0","1",5,5,5,8,2,5,7
"1181","Fairly good","Male","0","1",5,5,5,5,2,5,9
"1182","Very good","Female","0","2",NA,1,5,9,1,7,10
"1183","Fairly good","Male","1","1",5,8,7,9,2,6,7
"1184","Very good","Female","1","2",NA,8,8,8,1,9,8
"1185","Fairly good","Female","0","1",8,5,6,4,2,9,5
"1186","Fairly good","Female","0","1",NA,10,NA,10,2,6,6
"1187","Fairly good","Female","0","1",7,6,8,8,1,5,9
"1188",NA,"Female","0","1",NA,10,7,3,1,8,5
"1189","Very good","Male","0","2",10,8,9,7,2,4,5
"1190","Very good","Male","1","2",6,4,5,6,2,5,8
"1191","Fairly good","Male","0","1",5,8,6,7,2,8,8
"1192","Very good","Female","1","2",8,6,0,5,1,10,10
"1193","Fairly good","Male","0","2",9,0,0,6,2,10,10
"1194",NA,"Male","1","2",10,7,5,10,2,10,10
"1195","Fairly good","Female","1","1",6,5,4,8,2,6,7
"1196",NA,"Male","0","1",NA,6,3,7,1,7,6
"1197","Fairly good","Female","0","1",NA,6,4,6,1,5,7
"1198","Fairly good","Female","0",NA,NA,0,5,5,1,5,5
"1199",NA,"Male","0",NA,NA,NA,5,5,1,5,NA
"1200","Fairly good","Male","0",NA,NA,NA,5,5,1,5,5
"1201","Fairly good","Male","1",NA,NA,0,NA,NA,1,10,10
"1202",NA,"Female","1","1",NA,5,1,1,NA,10,10
"1203","Fairly good","Male","0","1",NA,0,0,0,2,10,10
"1204","Fairly bad","Female","0","2",5,0,0,10,1,NA,10
"1205",NA,"Female","1","2",NA,NA,NA,10,1,10,10
"1206",NA,"Male","1","2",7,5,5,5,1,5,5
"1207",NA,"Male","1","2",10,6,8,8,2,8,5
"1208",NA,"Female","1","2",5,5,5,5,1,5,10
"1209",NA,"Male","0","2",5,7,6,7,2,8,6
"1210",NA,"Male","0","1",NA,1,3,8,2,6,5
"1211",NA,"Male","0","2",NA,1,5,8,2,10,9
"1212",NA,"Female","0","1",NA,NA,2,10,2,9,10
"1213","Fairly bad","Male","0","2",8,6,8,7,2,5,8
"1214","Fairly good","Female","0","2",6,10,6,8,2,10,1
"1215","Fairly good","Male","1","2",4,0,6,8,2,10,10
"1216","Fairly good","Female","1","2",NA,0,0,10,1,NA,10
"1217",NA,"Female","1","2",NA,2,0,10,2,NA,10
"1218","Fairly good","Female","1","2",NA,0,10,10,1,10,10
"1219","Fairly good","Female","0","2",NA,2,4,10,1,7,10
"1220","Fairly good","Female","0","2",7,0,NA,5,1,10,10
"1221",NA,"Female","0","2",NA,0,NA,5,2,10,10
"1222","Fairly good","Female","0","2",NA,NA,10,10,1,10,10
"1223","Very good","Female","0","1",NA,1,1,10,1,10,10
"1224","Fairly bad","Male","0","2",5,3,6,7,1,4,3
"1225","Fairly bad","Female","0","2",4,6,4,8,1,5,4
"1226","Very bad","Female","0","2",7,8,8,9,1,8,9
"1227",NA,"Female","0","2",NA,0,NA,5,1,10,10
"1228",NA,"Female","0","1",5,0,NA,NA,1,10,10
"1229","Fairly good","Female","1","1",5,5,5,10,1,10,10
"1230",NA,"Male","1","2",NA,1,NA,10,2,10,7
"1231","Very good","Female","1","2",5,2,0,0,4,5,8
"1232","Fairly good","Male","1","3",5,4,NA,5,2,10,9
"1233",NA,"Male","1",NA,NA,NA,NA,NA,NA,NA,NA
"1234",NA,"Female","0","1",5,3,NA,5,1,3,9
"1235","Fairly good","Female","1","2",5,7,2,5,2,4,4
"1236","Fairly good","Female","0","2",5,1,4,8,3,6,5
"1237","Fairly bad","Female","0","2",6,2,7,7,2,3,5
"1238","Fairly bad","Female","1","2",5,3,7,3,3,1,5
"1239","Very good","Male","0","2",6,2,5,4,1,2,7
"1240","Fairly bad","Male","0","2",6,7,4,4,2,2,3
"1241","Fairly good","Male","0","2",6,3,2,7,1,5,5
"1242","Fairly bad","Female","1","2",6,3,6,3,2,4,5
"1243","Very good","Female","0","1",5,8,5,4,1,7,3
"1244","Fairly bad","Female","0","2",5,3,3,4,2,7,5
"1245","Very good","Female","1","2",NA,6,6,7,2,8,8
"1246","Fairly good","Male","0","2",10,1,1,4,4,10,10
"1247","Very bad","Female","1","2",NA,7,4,6,1,6,6
"1248","Fairly bad","Female","0","1",6,3,3,4,2,3,3
"1249",NA,"Male","1","2",7,3,4,7,2,4,6
"1250","Fairly good","Female","1","2",6,10,3,2,1,6,2
"1251","Fairly bad","Male","0","2",6,7,5,7,2,8,8
"1252","Fairly bad","Male","1","3",6,5,7,6,2,6,10
"1253","Fairly bad","Female","0","2",3,6,8,5,1,5,10
"1254","Fairly good","Female","1","2",6,4,10,8,3,7,9
"1255","Fairly good","Female","0","2",10,10,7,10,1,7,10
"1256","Very good","Male","0","2",5,2,3,6,1,5,10
"1257","Very bad","Female","0","1",1,1,3,3,4,10,10
"1258","Very good","Female","0","2",1,1,10,10,1,10,1
"1259","Fairly good","Female","1","2",8,0,0,0,3,10,10
"1260","Fairly good","Female","1","1",NA,0,2,6,3,10,10
"1261","Very bad","Male","0","1",NA,1,10,1,4,10,NA
"1262","Fairly good","Female","1","1",NA,2,8,0,2,10,10
"1263","Fairly good","Male","0","1",NA,NA,1,7,1,10,10
"1264","Very good","Male","0","2",10,4,8,10,2,10,10
"1265","Fairly good","Female","0","1",5,5,6,10,1,10,10
"1266","Fairly good","Female","0","1",5,7,8,7,1,10,10
"1267",NA,"Male","0",NA,NA,NA,NA,9,2,8,10
"1268",NA,"Male","0",NA,NA,NA,NA,NA,1,10,10
"1269","Fairly good","Male","0","1",4,1,4,6,2,10,10
"1270","Very good","Female","1","2",NA,2,2,7,1,10,10
"1271","Very good","Male","0","2",7,3,6,7,2,9,10
"1272","Fairly good","Female","0","3",3,1,1,1,1,10,10
"1273","Fairly good","Male","0","1",2,1,7,7,2,10,10
"1274",NA,"Female","0","1",NA,NA,1,1,2,1,10
"1275",NA,"Female","0","1",5,7,9,6,2,NA,8
"1276",NA,"Female","1","1",NA,10,10,9,1,9,9
"1277","Very good","Male","0","1",5,6,6,6,1,7,7
"1278",NA,"Female","0","1",5,8,5,7,2,6,7
"1279",NA,"Female","1","2",6,6,6,8,1,8,7
"1280","Fairly good","Male","0","2",5,7,8,8,2,8,9
"1281","Fairly good","Female","1","2",10,6,7,8,1,8,8
"1282","Fairly good","Female","0","2",6,10,8,9,1,8,8
"1283",NA,"Female","1","1",4,4,6,7,1,7,10
"1284",NA,"Female","0","2",NA,5,2,6,3,6,5
"1285",NA,"Female","1","2",NA,5,5,10,3,10,9
"1286","Fairly bad","Female","0","3",7,7,7,6,3,4,10
"1287","Very good","Male","0","2",NA,NA,NA,NA,1,10,10
"1288","Fairly good","Female","0","2",5,9,10,10,2,9,9
"1289","Very good","Male","1","3",5,8,5,5,1,6,6
"1290","Fairly bad","Female","1","1",5,1,7,8,1,7,9
"1291","Fairly bad","Female","1","1",NA,1,1,1,1,1,10
"1292","Fairly good","Male","0","1",10,3,4,10,1,6,10
"1293",NA,"Female","1","1",10,4,6,8,1,8,10
"1294","Fairly bad","Female","0","2",5,4,7,9,1,6,5
"1295","Fairly good","Female","0","1",6,5,4,8,1,8,9
"1296","Very good","Female","0","1",5,2,4,6,1,7,7
"1297","Fairly bad","Female","0","1",3,3,9,4,1,2,7
"1298","Very bad","Female","0","1",5,3,5,3,2,7,8
"1299",NA,"Male","1",NA,5,1,0,7,2,10,10
"1300","Fairly bad","Male","0","1",5,4,4,6,2,9,8
"1301","Fairly bad","Female","1","2",10,7,3,3,NA,6,4
"1302","Fairly good","Female","0","1",5,2,5,4,2,8,2
"1303","Fairly good","Male","0","1",5,5,6,3,NA,8,1
"1304","Fairly bad","Female","1","1",6,3,7,8,2,8,2
"1305","Very good","Female","0","1",NA,2,NA,10,1,10,10
"1306","Very good","Male","0","2",4,1,3,10,1,10,10
"1307","Very good","Male","0","3",NA,NA,0,10,1,10,10
"1308","Fairly good","Female","0","2",7,8,9,9,2,8,7
"1309","Fairly bad","Male","1","2",7,8,4,6,1,6,7
"1310",NA,"Female","0","1",6,7,5,3,3,6,7
"1311","Fairly good","Female","1","2",6,3,7,6,NA,5,3
"1312","Fairly bad","Female","0","2",8,6,3,5,2,6,7
"1313","Fairly bad","Female","1","2",NA,1,10,5,2,10,10
"1314",NA,"Male","1","2",NA,NA,NA,NA,2,NA,NA
"1315",NA,"Female","1",NA,NA,NA,NA,NA,2,NA,NA
"1316","Very good","Female","1","2",5,1,1,5,2,10,10
"1317",NA,"Female","1",NA,NA,5,0,0,2,0,0
"1318",NA,"Female","1","1",5,0,0,10,NA,10,10
"1319",NA,"Female","0","1",NA,NA,NA,10,2,10,NA
"1320",NA,"Male","0","2",NA,0,0,10,2,10,10
"1321","Fairly good","Male","0","2",NA,1,0,10,2,10,10
"1322","Fairly good","Male","0","1",5,5,7,10,2,10,10
"1323","Fairly good","Male","1",NA,NA,1,3,9,1,8,10
"1324",NA,"Female","0","2",NA,NA,NA,NA,2,10,10
"1325","Very good","Female","0","1",1,1,3,8,1,5,10
"1326","Fairly good","Female","0","1",5,4,8,8,1,9,8
"1327","Fairly good","Female","0","1",NA,1,8,10,1,5,1
"1328","Fairly bad","Male","0","1",NA,5,5,10,3,7,5
"1329",NA,"Female","0","1",9,NA,NA,NA,1,NA,NA
"1330","Very good","Female","1","1",NA,1,0,10,1,10,10
"1331","Fairly good","Female","0","2",5,9,3,9,2,8,9
"1332","Fairly good","Female","0","1",5,2,2,5,2,9,9
"1333","Fairly good","Female","1","2",6,4,3,5,2,9,8
"1334","Fairly good","Male","0","2",6,1,3,9,2,8,10
"1335","Fairly good","Female","0","2",NA,3,5,6,1,8,10
"1336","Fairly bad","Female","0","2",6,7,5,6,2,3,6
"1337","Fairly good","Male","0","2",5,8,6,6,1,4,6
"1338","Fairly bad","Female","0","1",9,1,6,8,1,4,5
"1339",NA,"Male","0","1",5,4,9,8,2,8,10
"1340",NA,"Female","0","1",NA,2,NA,NA,1,10,NA
"1341","Very good","Male","0","2",6,5,10,10,1,10,10
"1342","Very good","Female","0","1",5,1,10,10,2,10,10
"1343","Very good","Female","0","2",10,2,10,10,1,10,10
"1344","Very good","Female","0","2",5,5,9,10,1,10,10
"1345","Very good","Male","0","2",NA,2,1,6,1,8,7
"1346","Fairly good","Female","0","2",5,3,8,9,1,8,10
"1347",NA,"Male","0","2",5,10,5,10,1,8,10
"1348","Very bad","Female","0","1",6,5,4,7,2,7,8
"1349",NA,"Female","1",NA,NA,NA,NA,NA,1,NA,NA
"1350",NA,"Female","1","2",6,7,7,8,1,7,7
"1351","Fairly good","Female","0","1",9,6,6,8,1,6,7
"1352","Fairly good","Female","0","1",7,6,7,8,2,6,7
"1353","Fairly good","Female","0","2",7,7,7,8,1,NA,6
"1354","Fairly good","Male","1","2",8,4,9,10,3,7,6
"1355","Fairly bad","Female","1","2",NA,5,9,NA,4,7,5
"1356","Fairly bad","Female","0","2",6,4,5,NA,2,8,NA
"1357",NA,"Female","0","2",NA,6,6,NA,4,4,3
"1358",NA,"Male","0",NA,NA,5,0,10,1,10,10
"1359","Very good","Male","0","2",5,5,9,10,1,8,8
"1360",NA,"Female","1","2",6,10,10,10,NA,10,9
"1361","Very good","Female","0","2",5,8,10,10,3,10,7
"1362","Very good","Female","0","2",10,5,NA,10,1,10,10
"1363","Very good","Female","0","1",8,10,1,10,1,10,10
"1364","Very good","Male","0","2",5,0,0,10,3,10,10
"1365","Fairly bad","Female","1","2",5,1,1,0,2,0,0
"1366","Fairly good","Female","0","2",5,7,8,6,2,8,7
"1367","Very good","Female","0","2",6,3,6,7,1,7,2
"1368","Fairly bad","Female","0","2",6,4,4,1,2,8,2
"1369","Fairly good","Female","0","1",6,3,4,5,1,8,5
"1370","Fairly good","Female","0","1",5,5,7,7,1,3,4
"1371","Fairly bad","Female","0","3",9,3,7,5,2,6,2
"1372","Fairly bad","Male","0","3",5,5,5,4,1,4,8
"1373","Very bad","Male","1","2",6,4,5,3,1,3,1
"1374","Fairly bad","Male","0","2",5,5,5,9,1,3,9
"1375","Fairly good","Female","0","2",NA,1,8,1,2,7,7
"1376","Very good","Male","1","2",NA,1,10,7,1,10,10
"1377","Very good","Female","0","2",NA,4,0,NA,1,NA,9
"1378","Fairly good","Male","0","1",NA,NA,6,NA,2,NA,9
"1379","Very good","Female","0","1",NA,8,6,10,1,9,10
"1380","Very good","Female","0","1",NA,2,0,6,1,6,10
"1381","Fairly good","Female","1","2",5,1,8,6,2,8,5
"1382","Fairly good","Female","0","2",5,1,4,7,2,3,7
"1383","Very good","Female","1","2",5,7,1,7,2,7,10
"1384","Fairly good","Male","1","3",NA,1,1,7,2,7,9
"1385","Fairly bad","Female","1",NA,NA,3,NA,10,2,10,NA
"1386",NA,"Female","1",NA,NA,NA,NA,NA,2,10,NA
"1387",NA,"Female","0",NA,NA,NA,NA,NA,2,NA,NA
"1388",NA,"Male","1",NA,7,2,0,8,1,8,8
"1389","Fairly bad","Male","0","3",5,7,7,5,1,6,7
"1390","Fairly bad","Female","1","2",6,10,7,10,2,9,7
"1391","Fairly bad","Male","0","3",8,4,5,7,1,5,5
"1392","Very bad","Female","1","2",7,10,7,8,3,8,9
"1393","Fairly good","Female","0","2",5,5,10,10,3,10,10
"1394",NA,"Female","1","1",NA,3,1,5,2,10,9
"1395","Fairly good","Male","1","2",NA,0,8,10,2,10,10
"1396","Very good","Male","0","1",3,3,0,7,1,10,10
"1397","Fairly bad","Male","1","1",5,6,0,6,1,10,10
"1398","Fairly bad","Female","0","2",6,10,4,9,2,10,4
"1399","Fairly bad","Male","0","2",6,6,9,8,2,6,9
"1400","Fairly bad","Female","0","3",6,6,5,8,2,8,10
"1401","Fairly good","Female","0","2",7,7,6,9,2,10,10
"1402","Fairly bad","Female","0","2",6,9,8,8,2,5,10
"1403","Fairly bad","Female","0","1",6,10,7,8,2,8,7
"1404","Fairly good","Female","0","2",5,2,4,10,1,10,10
"1405","Very good","Female","1","2",7,1,3,9,1,10,10
"1406","Fairly good","Male","0","2",NA,0,8,6,1,10,10
"1407",NA,"Female","1","2",NA,0,0,10,3,10,10
"1408","Fairly good","Female","0","2",5,6,0,8,2,9,9
"1409","Fairly good","Female","0","2",8,NA,5,8,1,8,10
"1410",NA,"Female","0","2",5,NA,NA,NA,1,NA,10
"1411",NA,"Female","0","1",8,5,7,10,1,10,5
"1412","Fairly good","Male","1","3",5,NA,9,9,2,9,9
"1413","Fairly bad","Female","0","1",7,8,5,10,2,8,10
"1414","Fairly good","Male","1","2",NA,0,10,0,2,10,10
"1415","Fairly good","Female","0","2",NA,3,7,6,2,7,7
"1416","Fairly good","Male","0","2",NA,3,7,7,2,7,7
"1417","Fairly good","Female","0","2",8,2,7,7,1,7,7
"1418","Fairly good","Male","0","2",NA,2,8,7,2,8,8
"1419","Very good","Female","1","2",8,6,8,10,1,10,10
"1420","Fairly good","Male","1","3",10,6,5,5,1,10,10
"1421","Very good","Female","1","3",NA,6,8,10,1,10,10
"1422","Very good","Male","0","1",5,1,10,10,1,10,10
"1423","Very bad","Female","0","2",10,5,5,6,2,8,7
"1424","Fairly good","Male","0","2",5,5,5,3,1,6,9
"1425","Fairly good","Male","0","1",6,8,1,10,1,10,10
"1426","Fairly good","Female","0","1",5,1,1,10,1,9,10
"1427",NA,"Female","0","1",NA,NA,NA,NA,2,NA,NA
"1428","Very good","Female","1","2",5,1,3,6,2,8,10
"1429","Fairly good","Male","0","1",NA,8,3,7,2,8,10
"1430","Very good","Female","1","2",6,10,10,7,2,10,10
"1431","Very good","Male","0","2",10,10,9,10,1,10,10
"1432","Very good","Male","0","2",5,1,10,10,1,10,10
"1433","Fairly good","Female","0","1",8,6,3,NA,3,6,7
"1434","Fairly good","Male","0","2",NA,7,7,8,2,8,7
"1435",NA,"Male","0","2",4,10,7,9,2,8,10
"1436","Fairly good","Male","0","2",8,10,8,9,4,9,7
"1437","Very good","Male","0","2",NA,6,10,5,1,10,10
"1438","Very good","Female","0",NA,NA,NA,10,10,1,10,10
"1439","Very good","Female","1","2",NA,5,8,10,1,9,9
"1440","Very good","Female","0","2",5,3,9,10,4,10,8
"1441","Very good","Female","1","2",10,1,5,10,2,10,10
"1442","Fairly good","Female","0","2",8,5,1,10,2,10,10
"1443","Very good","Male","0","2",NA,8,10,9,2,10,4
"1444","Very good","Female","0","2",8,1,NA,10,2,10,10
"1445","Very good","Male","1","2",6,6,5,NA,1,7,5
"1446","Fairly good","Female","1","2",5,0,0,7,3,9,9
"1447",NA,"Female","0","1",NA,NA,0,8,NA,NA,NA
"1448","Fairly good","Female","1","2",4,0,0,7,2,10,8
"1449","Very bad","Male","0","2",5,1,0,5,NA,9,7
"1450","Fairly good","Female","0","2",NA,3,8,8,1,10,10
"1451","Fairly bad","Male","0","2",NA,5,5,5,4,3,6
"1452","Fairly good","Male","1","2",5,3,3,5,2,4,5
"1453","Very good","Male","0","2",10,10,1,10,1,10,10
"1454","Very good","Female","0","2",7,2,1,7,3,10,8
"1455","Fairly good","Male","1","2",7,6,6,5,2,8,5
"1456","Fairly bad","Female","0",NA,6,6,6,6,1,5,5
"1457","Fairly bad","Male","1","3",7,5,5,7,4,5,4
"1458","Fairly good","Male","1","2",5,5,7,5,3,10,6
"1459","Fairly good","Male","1","2",5,1,2,5,2,5,5
"1460","Fairly good","Male","1","2",4,1,3,2,3,9,7
"1461","Very bad","Male","1","2",8,5,5,10,3,5,1
"1462","Fairly good","Male","1","2",3,1,1,8,2,10,10
"1463","Fairly good","Female","1","1",NA,0,0,0,4,10,10
"1464","Very good","Female","0","3",10,10,0,5,1,0,1
"1465","Very good","Female","0","1",NA,0,5,10,1,10,0
"1466","Fairly good","Female","0","2",6,7,3,6,2,6,5
"1467",NA,"Female","0","2",8,8,9,9,1,8,9
"1468","Fairly good","Female","1","2",NA,NA,10,10,1,10,10
"1469","Very good","Male","0","3",10,5,9,8,1,10,5
"1470","Fairly good","Female","0","2",10,5,10,9,1,10,5
"1471",NA,"Female","0","2",NA,0,9,NA,3,10,10
"1472","Fairly bad","Female","0","1",NA,0,9,0,1,9,10
"1473",NA,"Female","0","1",NA,0,8,0,1,9,10
"1474","Very good","Female","0","1",5,5,10,10,1,10,5
"1475","Fairly good","Male","0","1",5,NA,10,1,1,10,10
"1476","Fairly good","Female","0","1",NA,4,NA,0,NA,10,0
"1477","Very good","Female","0","1",NA,NA,0,10,1,9,10
"1478","Very good","Female","0","2",NA,2,1,3,2,10,10
"1479","Very bad","Female","1","1",NA,NA,NA,5,1,10,10
"1480",NA,"Male","1",NA,NA,0,NA,5,1,10,10
"1481","Fairly good","Female","1","2",7,6,0,7,1,10,10
"1482","Fairly bad","Female","0","1",2,1,0,5,2,10,10
"1483","Fairly good","Male","0","2",6,1,1,NA,1,10,10
"1484","Fairly bad","Female","1","2",7,8,7,7,2,7,8
"1485","Fairly good","Female","1","2",5,7,6,10,1,6,6
"1486","Fairly good","Female","1","3",8,8,7,7,2,8,9
"1487","Fairly good","Female","0","3",7,7,8,8,1,8,8
"1488","Fairly good","Male","0","1",3,1,1,6,1,10,10
"1489","Fairly good","Female","0","1",4,4,4,5,2,7,10
"1490",NA,"Female","0","1",NA,1,4,5,NA,7,10
"1491","Fairly good","Female","1","2",1,NA,NA,1,2,10,10
"1492","Fairly bad","Male","0","3",6,7,8,9,2,7,10
"1493","Very good","Female","0","2",6,8,6,5,3,6,7
"1494","Fairly bad","Male","0","2",7,6,5,7,2,6,5
"1495","Fairly bad","Male","0","2",7,4,10,7,3,10,10
"1496","Fairly good","Female","0","2",6,4,7,6,2,5,9
"1497","Fairly good","Female","0","1",6,8,7,7,1,6,6
"1498","Fairly good","Male","0","2",NA,2,7,5,2,9,8
"1499","Fairly bad","Female","1","2",NA,2,8,7,1,5,8
"1500","Fairly good","Male","0","2",NA,3,9,6,2,9,7
"1501","Very good","Male","0","2",NA,NA,NA,8,2,8,9
"1502","Very good","Female","0","2",7,2,8,4,1,8,7
"1503","Very bad","Female","0","2",7,6,5,4,4,6,5
"1504","Very bad","Male","1","2",6,6,6,8,2,5,5
"1505","Fairly bad","Female","1","2",8,8,6,8,4,7,9
"1506","Very bad","Male","0","2",8,8,7,9,3,7,7
"1507","Fairly good","Male","0","2",NA,1,8,6,1,6,9
"1508","Very good","Female","0","2",7,NA,1,10,2,5,10
"1509","Fairly good","Female","0","1",5,8,10,1,2,8,7
"1510","Fairly bad","Male","0","2",5,4,5,9,3,4,3
"1511","Fairly good","Male","0","2",5,5,5,3,1,3,8
"1512","Fairly good","Male","0","2",NA,NA,NA,7,2,10,1
"1513","Fairly good","Male","1","2",6,6,6,6,2,7,6
"1514","Very bad","Male","1","3",8,7,7,8,1,6,7
"1515","Fairly good","Female","1","2",NA,3,5,NA,1,10,10
"1516","Fairly good","Female","0","2",NA,3,5,3,2,10,10
"1517","Fairly good","Female","0","1",NA,NA,5,10,NA,10,10
"1518","Very good","Male","0","2",4,7,4,1,2,10,10
"1519","Very good","Male","1","2",2,1,5,1,1,10,10
"1520","Fairly bad","Male","0","3",5,6,8,6,1,6,5
"1521","Very good","Female","1",NA,10,0,8,0,2,8,0
"1522","Fairly bad","Male","0","3",8,6,6,10,2,10,7
"1523","Fairly good","Female","0","3",6,9,7,10,3,2,6
"1524","Fairly good","Female","0","2",NA,0,7,10,2,7,5
"1525",NA,"Female","0","2",NA,1,10,5,3,10,10
"1526","Fairly good","Male","1","2",NA,NA,NA,10,2,10,10
"1527",NA,"Female","1","2",NA,1,10,10,2,10,10
"1528","Very bad","Male","0","2",NA,7,6,8,4,6,5
"1529","Very bad","Female","1","2",6,2,8,6,2,8,2
"1530","Fairly good","Female","0","3",5,6,8,6,1,4,6
"1531","Fairly bad","Female","0","1",5,2,9,8,1,10,9
"1532","Fairly good","Male","1","2",5,7,3,2,2,9,8
"1533","Very good","Female","1","2",3,10,4,0,1,5,10
"1534","Fairly good","Male","0","2",5,0,0,7,1,10,10
"1535","Very bad","Female","0","3",5,8,8,7,1,9,7
"1536",NA,"Female","1","2",7,4,8,10,1,0,1
"1537","Very good","Female","1","2",10,10,1,5,4,1,10
"1538","Fairly good","Male","0","3",5,6,4,5,1,7,9
"1539","Fairly good","Female","0","1",NA,0,0,10,2,10,10
"1540","Fairly good","Female","0","2",NA,5,0,10,1,10,10
"1541","Fairly good","Female","1","2",NA,0,0,10,2,10,10
"1542","Fairly good","Male","0","2",NA,0,10,10,1,10,10
"1543","Fairly bad","Female","1","2",2,8,4,4,3,8,7
"1544","Fairly good","Female","0","2",8,10,9,7,1,NA,9
"1545","Fairly bad","Female","0","2",7,6,5,7,3,6,8
"1546","Very bad","Male","0","2",4,5,2,8,NA,4,3
"1547","Very bad","Female","1","2",9,5,6,7,3,8,4
"1548","Fairly good","Male","0","3",1,8,9,5,1,6,4
"1549","Fairly good","Male","0","1",NA,3,2,9,2,10,10
"1550","Fairly good","Female","1","1",6,1,2,10,2,10,10
"1551","Fairly good","Female","1","2",6,0,0,8,2,10,10
"1552","Fairly good","Female","1","3",NA,0,0,10,2,10,10
"1553","Fairly bad","Male","1","2",6,0,NA,7,1,6,7
"1554","Fairly good","Male","0","3",6,5,6,6,3,4,6
"1555","Fairly bad","Female","1","1",6,6,8,7,2,7,6
"1556","Fairly good","Male","0","2",NA,6,4,6,2,7,7
"1557","Fairly good","Male","0","2",NA,5,6,8,2,9,6
"1558","Fairly good","Female","0","2",NA,5,7,8,1,10,10
"1559","Fairly good","Male","0","2",5,2,NA,10,1,10,10
"1560",NA,"Female","0","1",3,NA,NA,10,2,10,10
"1561",NA,"Female","0","2",NA,NA,NA,7,2,10,10
"1562","Fairly good","Female","1","2",6,NA,NA,9,1,10,10
"1563","Fairly good","Female","0","2",NA,0,0,10,2,10,10
"1564",NA,"Female","0","1",NA,1,0,7,2,10,10
"1565","Fairly good","Female","0","1",1,2,0,10,2,10,9
"1566","Fairly good","Female","0","2",5,0,0,10,2,8,10
"1567","Fairly good","Female","0","2",NA,8,9,9,1,9,8
"1568",NA,"Female","0","2",7,NA,NA,8,2,10,9
"1569","Fairly good","Female","1","2",NA,8,9,9,1,9,10
"1570","Fairly good","Female","1","1",9,6,9,9,1,9,9
"1571","Fairly good","Female","1","1",3,1,4,8,1,7,10
"1572","Fairly good","Male","1","1",4,1,9,10,2,10,10
"1573","Fairly good","Female","0","1",NA,2,9,9,1,9,10
"1574",NA,"Female","0","1",NA,NA,NA,1,1,10,5
"1575","Very good","Male","0","2",10,1,1,10,1,10,10
"1576","Fairly bad","Male","0","2",5,1,5,5,2,9,9
"1577",NA,"Female","0","2",NA,1,5,NA,2,NA,10
"1578","Very good","Male","1","2",5,5,5,10,1,8,9
"1579",NA,"Female","0","2",5,3,10,10,1,10,10
"1580","Fairly good","Female","0","1",NA,10,1,10,2,10,1
"1581","Fairly good","Female","0","2",NA,0,7,8,2,10,10
"1582","Fairly good","Female","1","2",7,1,1,7,1,10,10
"1583","Fairly good","Female","0","2",10,10,1,10,2,10,10
"1584","Fairly good","Female","0","1",NA,0,0,10,1,9,10
"1585","Fairly good","Male","1","2",NA,1,8,9,2,9,10
"1586",NA,"Female","0","1",NA,1,6,8,2,8,10
"1587","Fairly good","Female","1","1",NA,1,10,10,2,10,10
"1588","Fairly good","Male","1","1",NA,2,10,10,1,10,10
"1589","Very good","Male","0","1",NA,2,7,9,2,8,10
"1590","Fairly bad","Female","0","2",NA,2,4,5,1,9,2
"1591","Very good","Female","0","1",5,3,8,5,1,8,6
"1592",NA,"Female","0",NA,NA,NA,10,10,1,10,10
"1593","Very good","Male","0","2",5,NA,NA,NA,2,NA,NA
"1594","Very good","Male","0","2",5,7,5,6,1,7,9
"1595","Fairly bad","Male","1","3",7,8,1,9,2,10,6
"1596","Very good","Male","0","2",8,10,10,10,4,10,10
"1597","Fairly bad","Male","0","1",NA,NA,NA,NA,1,NA,NA
"1598","Fairly bad","Male","0","2",7,5,0,1,2,10,10
"1599","Fairly bad","Male","0","2",6,1,3,5,2,10,10
"1600","Fairly bad","Male","1","2",5,4,1,1,2,10,10
"1601","Fairly bad","Female","1","2",NA,3,3,10,1,10,10
"1602","Fairly good","Male","0","1",NA,7,9,9,2,9,8
"1603","Fairly good","Female","1","2",NA,6,5,10,1,10,10
"1604","Fairly bad","Female","0","2",NA,5,6,9,1,9,8
"1605","Fairly good","Female","0","1",6,7,5,5,1,6,5
"1606","Fairly good","Female","1","2",6,6,6,6,1,5,5
"1607","Fairly good","Female","0","2",6,5,4,6,1,4,5
"1608","Fairly good","Female","0","1",NA,0,0,5,2,10,10
"1609",NA,"Male","0","2",5,10,1,4,1,10,10
"1610","Very good","Male","1","2",NA,NA,1,10,1,10,10
"1611","Very good","Male","0","1",5,8,10,10,2,10,8
"1612","Very good","Female","0","2",5,9,4,10,2,8,7
"1613","Very good","Female","0","2",5,8,10,10,2,10,7
"1614","Very good","Male","0","2",5,4,10,7,2,10,8
"1615","Very good","Male","0","2",8,NA,5,5,2,10,10
"1616","Fairly good","Female","0","2",5,1,3,10,2,10,10
"1617",NA,"Female","0","2",5,9,10,10,2,10,10
"1618",NA,"Female","0","2",7,8,10,10,2,8,10
"1619",NA,"Male","0","2",NA,8,4,10,3,10,10
"1620","Fairly good","Male","0","2",4,0,0,6,1,10,10
"1621","Fairly good","Female","0","2",5,10,5,1,NA,1,10
"1622","Fairly good","Female","0","1",NA,2,5,9,2,10,10
"1623","Very good","Female","0","1",NA,1,1,10,1,10,10
"1624","Fairly bad","Male","1","1",1,2,2,10,1,9,9
"1625","Fairly good","Male","1","2",3,8,4,7,NA,6,1
"1626","Fairly good","Male","0","1",6,7,5,6,1,7,8
"1627","Fairly bad","Male","1","3",5,1,5,5,1,5,10
"1628","Fairly good","Female","0","2",NA,0,10,10,1,10,10
"1629","Fairly good","Male","0","2",3,0,0,8,1,10,10
"1630","Fairly good","Female","0","1",NA,0,0,10,2,10,10
"1631","Fairly good","Male","0","2",NA,1,0,NA,2,10,10
"1632",NA,"Female","0","1",5,7,10,NA,2,9,9
"1633","Fairly good","Male","0","2",7,8,10,10,1,10,10
"1634","Fairly good","Male","0","2",4,5,10,10,2,10,10
"1635","Fairly good","Female","1","1",NA,1,1,8,2,10,10
"1636","Very good","Male","0","1",NA,0,2,5,1,10,10
"1637",NA,"Male","0","2",NA,1,3,6,3,10,10
"1638",NA,"Male","0","2",NA,NA,NA,10,1,NA,NA
"1639","Fairly good","Female","1","2",5,0,4,7,2,8,10
"1640","Very good","Female","0","2",8,6,NA,7,2,7,6
"1641","Fairly good","Female","0","2",5,10,9,9,1,9,9
"1642","Fairly good","Female","0","1",NA,7,3,10,1,10,10
"1643","Fairly bad","Male","0","1",NA,4,4,10,1,10,8
"1644","Fairly bad","Female","0","1",NA,5,7,10,1,10,10
"1645","Fairly bad","Female","0","1",NA,6,10,8,1,5,9
"1646","Fairly bad","Female","0","2",NA,8,6,10,1,10,10
"1647","Fairly good","Male","0","2",5,3,4,5,3,7,5
"1648","Fairly good","Male","0","1",5,4,10,10,1,8,10
"1649","Fairly good","Male","0","2",8,7,5,6,1,5,5
"1650","Very good","Female","1","2",8,4,7,3,1,5,4
"1651","Very good","Female","0","2",6,0,4,0,3,10,10
"1652","Fairly good","Male","0","2",NA,0,1,10,1,10,10
"1653","Very bad","Female","0","2",6,0,5,8,2,8,8
"1654","Fairly bad","Male","0","2",6,NA,NA,3,2,8,10
"1655","Fairly bad","Male","0","2",NA,NA,NA,10,1,10,10
"1656","Fairly good","Male","0","1",NA,8,8,10,1,8,7
"1657","Fairly good","Male","1","2",5,1,4,7,3,7,10
"1658","Very good","Female","0","1",5,4,6,5,1,4,6
"1659","Very good","Female","0","1",4,6,4,6,2,6,4
"1660","Fairly bad","Male","0","1",5,7,5,NA,2,7,5
"1661",NA,"Female","1","2",NA,1,3,7,2,10,10
"1662","Fairly bad","Female","1","2",6,NA,5,7,2,9,9
"1663","Fairly bad","Male","0","2",5,NA,4,6,2,5,6
"1664","Fairly good","Male","0","2",5,6,9,6,2,8,5
"1665",NA,"Female","0","1",NA,1,NA,10,NA,10,NA
"1666","Fairly good","Male","0","1",NA,1,6,5,4,10,NA
"1667","Fairly good","Male","1","2",5,1,1,5,2,5,7
"1668","Fairly good","Female","1","2",5,0,0,5,2,6,9
"1669","Fairly good","Male","1","2",8,1,0,10,1,NA,10
"1670","Fairly good","Female","0","1",5,1,5,8,1,10,7
"1671","Fairly good","Female","1","2",10,0,NA,NA,1,10,10
"1672","Fairly good","Female","0","1",10,1,8,7,1,10,10
"1673","Fairly good","Female","0","1",8,1,3,5,1,10,8
"1674","Very good","Female","0","1",8,1,5,10,1,10,8
"1675","Very good","Female","1","2",5,1,1,6,2,6,8
"1676","Fairly good","Male","1","2",5,1,1,5,2,5,6
"1677","Fairly good","Male","1","2",5,1,1,5,2,6,5
"1678","Fairly good","Female","0","1",5,8,9,10,2,9,7
"1679","Fairly good","Female","0","2",5,9,8,10,2,9,6
"1680","Fairly good","Female","0","2",5,9,9,9,2,10,8
"1681","Very good","Female","0","1",NA,1,10,10,1,9,7
"1682","Very good","Female","1","2",NA,10,2,3,2,3,7
"1683","Very good","Female","0","2",NA,10,3,5,2,8,8
"1684","Very good","Male","0","2",NA,9,2,NA,2,NA,4
"1685","Fairly good","Male","1","2",6,9,2,5,2,5,8
"1686","Fairly good","Male","1","2",5,1,1,10,2,6,10
"1687","Fairly good","Male","0","2",5,6,7,4,2,5,10
"1688","Fairly good","Female","0","2",5,1,1,10,3,10,10
"1689","Very good","Male","0","2",10,3,3,10,1,10,10
"1690","Fairly bad","Male","0","2",5,1,5,8,3,9,6
"1691","Fairly good","Female","0","1",5,1,10,10,2,10,3
"1692","Fairly good","Female","1","2",7,2,10,10,2,10,10
"1693","Fairly good","Female","1","2",8,1,9,10,1,10,10
"1694","Very good","Male","0","1",10,1,7,10,1,10,10
"1695","Very good","Male","0","2",NA,NA,10,10,1,10,10
"1696",NA,"Male","0","1",NA,NA,10,10,1,10,10
"1697","Fairly good","Female","0","2",NA,8,7,4,2,3,6
"1698",NA,"Male","1",NA,10,NA,2,6,2,9,6
"1699","Fairly good","Male","0","3",NA,4,9,7,2,8,7
"1700","Very good","Female","0","2",NA,5,NA,8,2,NA,NA
"1701","Fairly bad","Male","1","2",6,1,2,6,2,3,1
"1702","Fairly bad","Female","0","1",6,6,7,7,2,7,6
"1703","Fairly good","Female","0","2",7,6,7,6,1,6,7
"1704","Fairly good","Female","1","2",6,6,7,8,2,8,7
"1705","Fairly good","Male","0","2",8,4,8,7,3,4,6
"1706","Fairly good","Male","1","1",8,3,10,3,1,10,10
"1707","Fairly good","Male","0","1",9,1,6,8,1,10,6
"1708","Fairly good","Female","0","2",NA,2,9,10,1,10,10
"1709","Fairly good","Male","0","2",8,0,10,10,1,10,10
"1710","Fairly good","Female","0","2",4,2,2,5,2,10,10
"1711","Fairly bad","Male","1","2",1,1,NA,NA,3,NA,1
"1712","Very good","Female","0","2",4,10,3,5,1,9,10
"1713",NA,"Male","0","3",8,NA,NA,9,1,NA,9
"1714",NA,"Male","1","1",NA,1,10,NA,NA,NA,1
"1715","Fairly good","Female","1","2",7,8,7,8,2,7,8
"1716","Fairly bad","Male","0","2",7,5,7,5,1,6,6
"1717","Fairly good","Female","0","2",6,5,10,9,2,8,8
"1718","Fairly bad","Male","0","2",7,6,9,5,1,4,3
"1719","Fairly good","Male","1","2",6,7,8,7,2,7,7
"1720","Fairly bad","Male","1","2",7,8,8,7,1,7,8
"1721","Fairly good","Female","0","1",6,4,5,4,2,4,5
"1722","Very good","Female","0","2",NA,10,10,10,2,10,10
"1723",NA,"Female","0","2",NA,10,NA,10,1,10,10
"1724",NA,"Female","0","2",NA,0,NA,NA,NA,10,10
"1725",NA,"Male","0","2",NA,NA,NA,5,2,10,10
"1726","Fairly good","Female","0","2",NA,NA,5,5,2,10,10
"1727","Very good","Female","0","1",10,1,9,10,1,10,9
"1728",NA,"Male","0","2",8,5,7,8,1,6,5
"1729",NA,"Male","0","2",6,2,7,8,1,10,10
"1730","Fairly good","Male","0","2",5,1,1,5,2,5,5
"1731","Fairly good","Female","1","2",5,5,4,6,2,4,4
"1732","Fairly good","Male","1","2",NA,0,0,7,1,10,10
"1733","Very good","Male","1","2",2,1,1,NA,1,10,10
"1734","Very good","Female","1","2",NA,6,4,8,1,NA,10
"1735","Fairly good","Male","0","1",NA,6,5,7,2,7,9
"1736","Fairly good","Female","1","2",NA,0,0,7,1,7,7
"1737","Very good","Male","0","2",5,1,1,10,1,10,10
"1738","Very bad","Female","0","2",6,1,5,10,2,5,10
"1739","Fairly bad","Male","0","2",NA,5,5,10,2,5,5
"1740","Fairly good","Female","1","3",8,1,3,2,2,2,2
"1741",NA,"Female","0","2",8,5,6,4,1,5,5
"1742","Very bad","Male","0","3",5,10,9,4,2,3,10
"1743","Very bad","Male","0","2",5,6,6,2,1,6,5
"1744","Fairly good","Female","0","2",1,NA,NA,NA,2,NA,NA
"1745",NA,"Female","0","3",7,8,7,7,1,7,8
"1746","Fairly good","Male","0","1",NA,1,1,10,1,10,10
"1747","Fairly good","Female","0","2",5,5,5,5,2,9,5
"1748","Fairly bad","Male","0","1",2,1,3,7,2,6,10
"1749","Fairly good","Male","0","1",5,5,9,8,2,8,7
"1750","Fairly good","Female","0","2",NA,NA,8,NA,2,10,4
"1751","Fairly good","Female","0","1",5,7,10,7,2,8,6
"1752","Fairly good","Female","0","2",NA,8,8,8,2,8,6
"1753","Fairly good","Female","1","2",5,7,7,7,3,7,7
"1754","Fairly good","Female","0","1",7,2,8,8,1,10,8
"1755","Fairly good","Female","0","1",NA,8,9,8,2,9,NA
"1756","Very bad","Female","1","2",5,3,3,8,1,8,2
"1757","Fairly good","Female","0","1",NA,NA,NA,NA,1,NA,NA
"1758","Fairly good","Female","1","2",NA,2,3,9,2,10,8
"1759","Fairly good","Female","0","2",NA,4,3,8,2,10,7
"1760","Very bad","Male","1","2",NA,5,6,4,1,5,5
"1761",NA,"Female","0","3",NA,4,5,5,1,7,4
"1762","Very bad","Male","1","1",5,1,6,6,2,6,NA
"1763",NA,"Female","1","1",NA,NA,NA,NA,2,10,10
"1764","Fairly bad","Female","0","1",NA,NA,NA,NA,3,NA,NA
"1765",NA,"Female","1","1",NA,NA,NA,NA,NA,NA,NA
"1766",NA,"Male","1","3",8,4,6,6,2,4,4
"1767","Fairly bad","Male","1","3",5,4,5,6,1,4,4
"1768",NA,"Male","1","3",NA,5,7,6,1,5,5
"1769",NA,"Female","0","3",6,7,5,5,1,6,6
"1770","Fairly good","Male","1","2",NA,0,0,10,2,10,10
"1771","Very good","Female","0","2",6,0,0,10,1,10,10
"1772","Fairly good","Male","0","1",8,3,2,9,1,7,7
"1773","Fairly good","Male","0","1",5,1,5,9,1,10,10
"1774","Fairly good","Male","0","1",3,1,1,9,1,9,7
"1775","Very good","Female","1","1",NA,1,10,8,1,8,10
"1776","Very good","Female","1","2",NA,3,6,10,2,7,7
"1777","Very good","Female","0","2",NA,4,4,10,1,6,10
"1778",NA,"Female","1","1",NA,0,NA,NA,NA,10,10
"1779","Very bad","Female","0","1",6,1,6,6,3,6,NA
"1780",NA,"Female","1",NA,NA,5,8,9,NA,8,8
"1781","Very bad","Male","1","2",NA,2,6,6,1,5,4
"1782","Very bad","Male","0","3",NA,3,5,3,2,4,3
"1783","Fairly good","Female","0","2",NA,3,3,6,1,6,7
"1784","Fairly good","Female","0","2",NA,1,1,9,1,10,10
"1785","Very good","Male","0","2",NA,1,4,10,1,10,10
"1786","Fairly good","Female","1","2",10,4,1,9,1,9,10
"1787","Fairly good","Male","1","2",NA,1,7,0,3,6,10
"1788","Fairly good","Female","0","2",5,3,7,0,2,7,3
"1789","Fairly good","Male","1","2",NA,3,7,0,2,10,8
"1790",NA,"Female","0","1",NA,0,8,6,1,NA,6
"1791","Fairly good","Male","1","2",NA,2,3,9,2,10,8
"1792","Fairly bad","Female","1","2",5,5,4,7,1,8,7
"1793","Fairly good","Female","0","1",NA,4,5,6,2,10,10
"1794","Very bad","Male","1","2",3,3,4,3,1,4,3
"1795","Fairly bad","Female","0","1",5,1,3,5,2,1,1
"1796","Very good","Male","1",NA,NA,6,4,8,2,8,10
"1797","Fairly good","Male","1","1",NA,6,7,7,2,5,7
"1798","Fairly good","Male","0","2",5,2,5,6,1,7,4
"1799","Very good","Male","1","3",4,1,10,1,2,1,5
"1800","Very good","Female","1","3",3,NA,NA,NA,1,NA,NA
"1801","Very bad","Female","0","2",NA,0,1,NA,1,10,NA
"1802","Very good","Male","0","1",NA,1,1,1,1,10,10
"1803","Fairly good","Female","1","2",8,2,2,8,2,10,8
"1804","Fairly good","Female","1","2",5,4,4,9,1,9,9
"1805",NA,"Female","0","2",NA,10,0,NA,1,NA,10
"1806",NA,"Male","0","3",2,1,1,1,1,1,10
"1807","Fairly bad","Male","1","2",5,1,0,8,1,10,10
"1808",NA,"Male","0","1",NA,2,0,8,2,9,10
"1809",NA,"Female","0","2",5,NA,NA,5,1,10,10
"1810",NA,"Male","0","2",5,NA,NA,NA,1,NA,NA
